"text_id","source_file","line","usage","current_text","notes"
"src_components_ActionQueueOverlay_jsx.36.jsx_attribute.1","src/components/ActionQueueOverlay.jsx","36","jsx_attribute","Cola de chips",""
"src_components_ActionQueueOverlay_jsx.64.jsx_text.2","src/components/ActionQueueOverlay.jsx","64","jsx_text","Pulso activo",""
"src_components_ActionQueueOverlay_jsx.65.jsx_text.3","src/components/ActionQueueOverlay.jsx","65","jsx_text","Resolviendo chip",""
"src_components_ActionQueueOverlay_jsx.66.jsx_text.4","src/components/ActionQueueOverlay.jsx","66","jsx_text","La senal esta procesando los chips.",""
"src_components_ActionQueueOverlay_jsx.75.jsx_text.5","src/components/ActionQueueOverlay.jsx","75","jsx_text","Cooldown de pulso",""
"src_components_ActionQueuePanel_jsx.26.jsx_text.6","src/components/ActionQueuePanel.jsx","26","jsx_text","Pulso:",""
"src_components_DeviceConsole_jsx.4.ArrayExpression.7","src/components/DeviceConsole.jsx","4","ArrayExpression","Inicializando enlace local...",""
"src_components_DeviceConsole_jsx.5.ArrayExpression.8","src/components/DeviceConsole.jsx","5","ArrayExpression","Buscando dispositivo en la red del instituto...",""
"src_components_DeviceConsole_jsx.6.ArrayExpression.9","src/components/DeviceConsole.jsx","6","ArrayExpression","Interferencia detectada en el canal.",""
"src_components_DeviceConsole_jsx.7.ArrayExpression.10","src/components/DeviceConsole.jsx","7","ArrayExpression","Canal de mantenimiento disponible.",""
"src_components_DeviceConsole_jsx.8.ArrayExpression.11","src/components/DeviceConsole.jsx","8","ArrayExpression","Conexion establecida.",""
"src_components_DeviceConsole_jsx.14.ArrayExpression.12","src/components/DeviceConsole.jsx","14","ArrayExpression","  clear    - Limpia la consola.",""
"src_components_DeviceConsole_jsx.21.AssignmentPattern.13","src/components/DeviceConsole.jsx","21","AssignmentPattern","Dispositivo desconocido",""
"src_components_DeviceConsole_jsx.39.template.14","src/components/DeviceConsole.jsx","39","template","Sesion abierta con ${...}.",""
"src_components_DeviceConsole_jsx.40.text.15","src/components/DeviceConsole.jsx","40","text","Escribe /help o /? para ver los comandos disponibles.",""
"src_components_DeviceConsole_jsx.74.ArrayExpression.16","src/components/DeviceConsole.jsx","74","ArrayExpression","Cerrando conexion...",""
"src_components_DeviceConsole_jsx.74.ArrayExpression.17","src/components/DeviceConsole.jsx","74","ArrayExpression","Sesion terminada.",""
"src_components_DeviceConsole_jsx.96.ArrayExpression.18","src/components/DeviceConsole.jsx","96","ArrayExpression","Comandos disponibles:",""
"src_components_DeviceConsole_jsx.101.ArrayExpression.19","src/components/DeviceConsole.jsx","101","ArrayExpression","Comandos de sistema:",""
"src_components_DeviceConsole_jsx.118.template.20","src/components/DeviceConsole.jsx","118","template","Comando bloqueado: ""${...}""",""
"src_components_DeviceConsole_jsx.119.ArrayExpression.21","src/components/DeviceConsole.jsx","119","ArrayExpression","Solo se aceptan comandos autorizados. Usa /help o /?",""
"src_components_DeviceConsole_jsx.125.template.22","src/components/DeviceConsole.jsx","125","template","Uso: ${...} <${...}>",""
"src_components_DeviceConsole_jsx.125.ArrayExpression.23","src/components/DeviceConsole.jsx","125","ArrayExpression","Argumento requerido.",""
"src_components_DeviceConsole_jsx.133.ArrayExpression.24","src/components/DeviceConsole.jsx","133","ArrayExpression","Procesando...",""
"src_components_DeviceConsole_jsx.133.ArrayExpression.25","src/components/DeviceConsole.jsx","133","ArrayExpression","Esperando respuesta del sistema central...",""
"src_components_DeviceConsole_jsx.145.jsx_text.26","src/components/DeviceConsole.jsx","145","jsx_text","Conexion de dispositivo",""
"src_components_DeviceConsole_jsx.150.conditional.27","src/components/DeviceConsole.jsx","150","conditional","ENLACE ACTIVO",""
"src_components_DeviceConsole_jsx.150.conditional.28","src/components/DeviceConsole.jsx","150","conditional","CONECTANDO",""
"src_components_DeviceConsole_jsx.153.jsx_attribute.29","src/components/DeviceConsole.jsx","153","jsx_attribute","Cerrar consola",""
"src_components_DeviceConsole_jsx.199.conditional.30","src/components/DeviceConsole.jsx","199","conditional","escribe un comando...",""
"src_components_DeviceConsole_jsx.199.conditional.31","src/components/DeviceConsole.jsx","199","conditional","estableciendo conexion...",""
"src_components_DeviceConsole_jsx.202.jsx_attribute.32","src/components/DeviceConsole.jsx","202","jsx_attribute","Entrada de comando",""
"src_components_DeviceConsole_jsx.204.jsx_attribute.33","src/components/DeviceConsole.jsx","204","jsx_attribute","Enviar comando",""
"src_components_DeviceConsole_jsx.204.jsx_text.34","src/components/DeviceConsole.jsx","204","jsx_text","Enter",""
"src_components_DeviceConsole_jsx.212.jsx_text.35","src/components/DeviceConsole.jsx","212","jsx_text","Enlace",""
"src_components_DeviceConsole_jsx.216.jsx_attribute.36","src/components/DeviceConsole.jsx","216","jsx_attribute","Senal",""
"src_components_DeviceConsole_jsx.217.jsx_attribute.37","src/components/DeviceConsole.jsx","217","jsx_attribute","Ruido",""
"src_components_DeviceConsole_jsx.218.jsx_attribute.38","src/components/DeviceConsole.jsx","218","jsx_attribute","Control",""
"src_components_DeviceConsole_jsx.222.jsx_text.39","src/components/DeviceConsole.jsx","222","jsx_text","Notas",""
"src_components_DeviceConsole_jsx.223.jsx_text.40","src/components/DeviceConsole.jsx","223","jsx_text","La conexion muestra datos parciales. Comparadlos antes de confiar en ellos.",""
"src_components_e2_E2Logo_jsx.3.template.41","src/components/e2/E2Logo.jsx","3","template","e2-logo ${...}",""
"src_components_e2_E2Logo_jsx.4.jsx_text.42","src/components/e2/E2Logo.jsx","4","jsx_text","EL EXAMEN",""
"src_components_e2_NBadge_jsx.3.template.43","src/components/e2/NBadge.jsx","3","template","n-badge n-badge-${...}",""
"src_components_e2_NButton_jsx.3.template.44","src/components/e2/NButton.jsx","3","template","n-btn n-btn-${...} n-btn-${...} ${...}",""
"src_components_e2_NCard_jsx.5.template.45","src/components/e2/NCard.jsx","5","template","n-card ${...} ${...}",""
"src_components_e2_NProgress_jsx.13.template.46","src/components/e2/NProgress.jsx","13","template","n-progress-fill n-progress-${...}",""
"src_components_e2_NTimer_jsx.5.template.47","src/components/e2/NTimer.jsx","5","template","n-timer ${...}",""
"src_components_FusionMinigame_jsx.8.conditional.48","src/components/FusionMinigame.jsx","8","conditional","variantA",""
"src_components_FusionMinigame_jsx.8.conditional.49","src/components/FusionMinigame.jsx","8","conditional","variantB",""
"src_components_FusionMinigame_jsx.12.conditional.50","src/components/FusionMinigame.jsx","12","conditional","variantB",""
"src_components_FusionMinigame_jsx.12.conditional.51","src/components/FusionMinigame.jsx","12","conditional","variantA",""
"src_components_FusionMinigame_jsx.16.return.52","src/components/FusionMinigame.jsx","16","return","Taquillas estabilizadas",""
"src_components_FusionMinigame_jsx.17.return.53","src/components/FusionMinigame.jsx","17","return","Realidad estabilizada",""
"src_components_FusionMinigame_jsx.22.call_argument.54","src/components/FusionMinigame.jsx","22","call_argument","fusionSession",""
"src_components_FusionMinigame_jsx.31.template.55","src/components/FusionMinigame.jsx","31","template","gameState/hotspotStates/${...}",""
"src_components_FusionMinigame_jsx.32.template.56","src/components/FusionMinigame.jsx","32","template","gameState/hotspotStates/${...}",""
"src_components_FusionMinigame_jsx.38.call_argument.57","src/components/FusionMinigame.jsx","38","call_argument","gameState/sharedResonance",""
"src_components_FusionMinigame_jsx.41.MemberExpression.58","src/components/FusionMinigame.jsx","41","MemberExpression","gameState/sharedResonance/value",""
"src_components_FusionMinigame_jsx.42.MemberExpression.59","src/components/FusionMinigame.jsx","42","MemberExpression","gameState/sharedResonance/spent",""
"src_components_FusionMinigame_jsx.83.call_argument.60","src/components/FusionMinigame.jsx","83","call_argument","fusionSession",""
"src_components_FusionMinigame_jsx.84.template.61","src/components/FusionMinigame.jsx","84","template","${...}/ready",""
"src_components_FusionMinigame_jsx.85.template.62","src/components/FusionMinigame.jsx","85","template","${...}/completedAt",""
"src_components_FusionMinigame_jsx.89.call_argument.63","src/components/FusionMinigame.jsx","89","call_argument","fusionSession",""
"src_components_FusionMinigame_jsx.107.jsx_text.64","src/components/FusionMinigame.jsx","107","jsx_text","FUSION",""
"src_components_FusionMinigame_jsx.107.jsx_text.65","src/components/FusionMinigame.jsx","107","jsx_text","COMPLETADA",""
"src_components_FusionMinigame_jsx.109.jsx_text.66","src/components/FusionMinigame.jsx","109","jsx_text","Vuelve al tablero para continuar",""
"src_components_FusionMinigame_jsx.116.jsx_text.67","src/components/FusionMinigame.jsx","116","jsx_text","FUSION DE REALIDADES",""
"src_components_FusionMinigame_jsx.117.jsx_text.68","src/components/FusionMinigame.jsx","117","jsx_text","VARIANTE",""
"src_components_FusionMinigame_jsx.118.jsx_text.69","src/components/FusionMinigame.jsx","118","jsx_text","Sincroniza esta realidad con la otra variante.",""
"src_components_FusionMinigame_jsx.141.template.70","src/components/FusionMinigame.jsx","141","template","fusion-connector${...}",""
"src_components_FusionMinigame_jsx.149.conditional.71","src/components/FusionMinigame.jsx","149","conditional","Componente exterior",""
"src_components_FusionMinigame_jsx.149.conditional.72","src/components/FusionMinigame.jsx","149","conditional","Componente interior",""
"src_components_FusionMinigame_jsx.157.jsx_text.73","src/components/FusionMinigame.jsx","157","jsx_text","Sincronizando... ◈",""
"src_components_FusionMinigame_jsx.161.jsx_text.74","src/components/FusionMinigame.jsx","161","jsx_text","Tu parte esta lista. Esperando Variante",""
"src_components_GameCursor_jsx.20.template.75","src/components/GameCursor.jsx","20","template","detection${...}",""
"src_components_GameCursor_jsx.34.template.76","src/components/GameCursor.jsx","34","template","translate3d(${...}px, ${...}px, 0) scale(var(--game-cursor-scale))",""
"src_components_GameCursor_jsx.81.template.77","src/components/GameCursor.jsx","81","template","is-${...}",""
"src_components_GMTechnicalFlowchart_jsx.34.title.78","src/components/GMTechnicalFlowchart.jsx","34","title","Taquilla / modulo",""
"src_components_GMTechnicalFlowchart_jsx.38.title.79","src/components/GMTechnicalFlowchart.jsx","38","title","Lectura inicial A/B",""
"src_components_GMTechnicalFlowchart_jsx.41.ArrayExpression.80","src/components/GMTechnicalFlowchart.jsx","41","ArrayExpression","LOCKER_LOCKED_A",""
"src_components_GMTechnicalFlowchart_jsx.41.ArrayExpression.81","src/components/GMTechnicalFlowchart.jsx","41","ArrayExpression","LOCKER_MECHANISM_B",""
"src_components_GMTechnicalFlowchart_jsx.42.ArrayExpression.82","src/components/GMTechnicalFlowchart.jsx","42","ArrayExpression","LOCKER_MISSING_OTHER_HALF_A",""
"src_components_GMTechnicalFlowchart_jsx.42.ArrayExpression.83","src/components/GMTechnicalFlowchart.jsx","42","ArrayExpression","LOCKER_MISSING_OTHER_HALF_B",""
"src_components_GMTechnicalFlowchart_jsx.44.condition.84","src/components/GMTechnicalFlowchart.jsx","44","condition","Inicio -> los jugadores tienen que observar la taquilla en A y B y comunicar que cada variante muestra una mitad distinta del cierre.",""
"src_components_GMTechnicalFlowchart_jsx.45.ArrayExpression.85","src/components/GMTechnicalFlowchart.jsx","45","ArrayExpression","hotspotStates",""
"src_components_GMTechnicalFlowchart_jsx.45.ArrayExpression.86","src/components/GMTechnicalFlowchart.jsx","45","ArrayExpression","inspectionDiscoveries",""
"src_components_GMTechnicalFlowchart_jsx.50.title.87","src/components/GMTechnicalFlowchart.jsx","50","title","Contradicciones registradas",""
"src_components_GMTechnicalFlowchart_jsx.53.ArrayExpression.88","src/components/GMTechnicalFlowchart.jsx","53","ArrayExpression","BOX_DUPLICATE_AB",""
"src_components_GMTechnicalFlowchart_jsx.53.ArrayExpression.89","src/components/GMTechnicalFlowchart.jsx","53","ArrayExpression","BALLS_COUNT_AB",""
"src_components_GMTechnicalFlowchart_jsx.53.ArrayExpression.90","src/components/GMTechnicalFlowchart.jsx","53","ArrayExpression","LOCKER_DETAIL_AB",""
"src_components_GMTechnicalFlowchart_jsx.54.ArrayExpression.91","src/components/GMTechnicalFlowchart.jsx","54","ArrayExpression","RESONANCE_READY",""
"src_components_GMTechnicalFlowchart_jsx.56.condition.92","src/components/GMTechnicalFlowchart.jsx","56","condition","Variante A/B -> los jugadores tienen que inspeccionar caja, balones o taquillas para registrar contradicciones y cargar resonancia.",""
"src_components_GMTechnicalFlowchart_jsx.57.ArrayExpression.93","src/components/GMTechnicalFlowchart.jsx","57","ArrayExpression","contradiccionTaquillas",""
"src_components_GMTechnicalFlowchart_jsx.57.ArrayExpression.94","src/components/GMTechnicalFlowchart.jsx","57","ArrayExpression","resonance.value",""
"src_components_GMTechnicalFlowchart_jsx.57.ArrayExpression.95","src/components/GMTechnicalFlowchart.jsx","57","ArrayExpression","queuedActions",""
"src_components_GMTechnicalFlowchart_jsx.66.title.96","src/components/GMTechnicalFlowchart.jsx","66","title","Taquilla fusionada",""
"src_components_GMTechnicalFlowchart_jsx.67.ArrayExpression.97","src/components/GMTechnicalFlowchart.jsx","67","ArrayExpression","A+B",""
"src_components_GMTechnicalFlowchart_jsx.69.ArrayExpression.98","src/components/GMTechnicalFlowchart.jsx","69","ArrayExpression","LOCKER_LOCKED_A",""
"src_components_GMTechnicalFlowchart_jsx.69.ArrayExpression.99","src/components/GMTechnicalFlowchart.jsx","69","ArrayExpression","LOCKER_MECHANISM_B",""
"src_components_GMTechnicalFlowchart_jsx.70.ArrayExpression.100","src/components/GMTechnicalFlowchart.jsx","70","ArrayExpression","LOCKER_FUSION_AB",""
"src_components_GMTechnicalFlowchart_jsx.72.condition.101","src/components/GMTechnicalFlowchart.jsx","72","condition","A+B -> los jugadores tienen que manipular la taquilla durante un pulso con 6 o mas de resonancia disponible.",""
"src_components_GMTechnicalFlowchart_jsx.73.ArrayExpression.102","src/components/GMTechnicalFlowchart.jsx","73","ArrayExpression","lockerFusionDone",""
"src_components_GMTechnicalFlowchart_jsx.73.ArrayExpression.103","src/components/GMTechnicalFlowchart.jsx","73","ArrayExpression","LOCKER_FUSION",""
"src_components_GMTechnicalFlowchart_jsx.73.ArrayExpression.104","src/components/GMTechnicalFlowchart.jsx","73","ArrayExpression","resonance.spent",""
"src_components_GMTechnicalFlowchart_jsx.74.debugAction.105","src/components/GMTechnicalFlowchart.jsx","74","debugAction","fuseLocker",""
"src_components_GMTechnicalFlowchart_jsx.84.title.106","src/components/GMTechnicalFlowchart.jsx","84","title","Taquilla abierta",""
"src_components_GMTechnicalFlowchart_jsx.85.ArrayExpression.107","src/components/GMTechnicalFlowchart.jsx","85","ArrayExpression","A+B",""
"src_components_GMTechnicalFlowchart_jsx.87.ArrayExpression.108","src/components/GMTechnicalFlowchart.jsx","87","ArrayExpression","LOCKER_FUSION_AB",""
"src_components_GMTechnicalFlowchart_jsx.88.ArrayExpression.109","src/components/GMTechnicalFlowchart.jsx","88","ArrayExpression","LOCKER_OPEN_FUSED_AB",""
"src_components_GMTechnicalFlowchart_jsx.88.ArrayExpression.110","src/components/GMTechnicalFlowchart.jsx","88","ArrayExpression","NOTE_PANEL_MODULE_AB",""
"src_components_GMTechnicalFlowchart_jsx.90.condition.111","src/components/GMTechnicalFlowchart.jsx","90","condition","A+B -> despues de fusionarla, los jugadores tienen que manipular otra vez la taquilla para abrirla.",""
"src_components_GMTechnicalFlowchart_jsx.91.ArrayExpression.112","src/components/GMTechnicalFlowchart.jsx","91","ArrayExpression","LOCKER_OPEN",""
"src_components_GMTechnicalFlowchart_jsx.91.ArrayExpression.113","src/components/GMTechnicalFlowchart.jsx","91","ArrayExpression","moduleSyncAvailable",""
"src_components_GMTechnicalFlowchart_jsx.92.debugAction.114","src/components/GMTechnicalFlowchart.jsx","92","debugAction","openLocker",""
"src_components_GMTechnicalFlowchart_jsx.101.title.115","src/components/GMTechnicalFlowchart.jsx","101","title","Modulo disponible",""
"src_components_GMTechnicalFlowchart_jsx.102.ArrayExpression.116","src/components/GMTechnicalFlowchart.jsx","102","ArrayExpression","A+B",""
"src_components_GMTechnicalFlowchart_jsx.104.ArrayExpression.117","src/components/GMTechnicalFlowchart.jsx","104","ArrayExpression","LOCKER_OPEN_FUSED_AB",""
"src_components_GMTechnicalFlowchart_jsx.105.ArrayExpression.118","src/components/GMTechnicalFlowchart.jsx","105","ArrayExpression","MODULE_SYNC_01",""
"src_components_GMTechnicalFlowchart_jsx.105.ArrayExpression.119","src/components/GMTechnicalFlowchart.jsx","105","ArrayExpression","NOTE_PANEL_MODULE_01",""
"src_components_GMTechnicalFlowchart_jsx.107.condition.120","src/components/GMTechnicalFlowchart.jsx","107","condition","A+B -> al abrir la taquilla fusionada, los jugadores pueden ver y recoger el modulo y la nota.",""
"src_components_GMTechnicalFlowchart_jsx.108.ArrayExpression.121","src/components/GMTechnicalFlowchart.jsx","108","ArrayExpression","moduleSyncAvailable",""
"src_components_GMTechnicalFlowchart_jsx.108.ArrayExpression.122","src/components/GMTechnicalFlowchart.jsx","108","ArrayExpression","mecanismoFisicoLiberado",""
"src_components_GMTechnicalFlowchart_jsx.115.title.123","src/components/GMTechnicalFlowchart.jsx","115","title","Panel / salida",""
"src_components_GMTechnicalFlowchart_jsx.119.title.124","src/components/GMTechnicalFlowchart.jsx","119","title","Panel incompleto A/B",""
"src_components_GMTechnicalFlowchart_jsx.122.ArrayExpression.125","src/components/GMTechnicalFlowchart.jsx","122","ArrayExpression","PANEL_NEEDS_MODULE_A",""
"src_components_GMTechnicalFlowchart_jsx.122.ArrayExpression.126","src/components/GMTechnicalFlowchart.jsx","122","ArrayExpression","PANEL_READER_B",""
"src_components_GMTechnicalFlowchart_jsx.123.ArrayExpression.127","src/components/GMTechnicalFlowchart.jsx","123","ArrayExpression","PANEL_MISSING_OTHER_HALF_A",""
"src_components_GMTechnicalFlowchart_jsx.123.ArrayExpression.128","src/components/GMTechnicalFlowchart.jsx","123","ArrayExpression","PANEL_MISSING_OTHER_HALF_B",""
"src_components_GMTechnicalFlowchart_jsx.125.condition.129","src/components/GMTechnicalFlowchart.jsx","125","condition","Inicio -> los jugadores tienen que observar el panel en A y B y entender que una variante muestra interfaz y la otra muestra lectura/conexion.",""
"src_components_GMTechnicalFlowchart_jsx.126.ArrayExpression.130","src/components/GMTechnicalFlowchart.jsx","126","ArrayExpression","PANEL_NEEDS_MODULE",""
"src_components_GMTechnicalFlowchart_jsx.126.ArrayExpression.131","src/components/GMTechnicalFlowchart.jsx","126","ArrayExpression","inspectionDiscoveries",""
"src_components_GMTechnicalFlowchart_jsx.131.title.132","src/components/GMTechnicalFlowchart.jsx","131","title","Modulo insertado",""
"src_components_GMTechnicalFlowchart_jsx.132.ArrayExpression.133","src/components/GMTechnicalFlowchart.jsx","132","ArrayExpression","A+B",""
"src_components_GMTechnicalFlowchart_jsx.134.ArrayExpression.134","src/components/GMTechnicalFlowchart.jsx","134","ArrayExpression","MODULE_SYNC_01",""
"src_components_GMTechnicalFlowchart_jsx.134.ArrayExpression.135","src/components/GMTechnicalFlowchart.jsx","134","ArrayExpression","PANEL_NEEDS_MODULE_A",""
"src_components_GMTechnicalFlowchart_jsx.134.ArrayExpression.136","src/components/GMTechnicalFlowchart.jsx","134","ArrayExpression","PANEL_READER_B",""
"src_components_GMTechnicalFlowchart_jsx.135.ArrayExpression.137","src/components/GMTechnicalFlowchart.jsx","135","ArrayExpression","MODULE_INSERTED_AB",""
"src_components_GMTechnicalFlowchart_jsx.137.condition.138","src/components/GMTechnicalFlowchart.jsx","137","condition","A+B -> los jugadores tienen que llevar el modulo de sincronizacion al panel y usar interaccion sobre el panel de salida.",""
"src_components_GMTechnicalFlowchart_jsx.138.ArrayExpression.139","src/components/GMTechnicalFlowchart.jsx","138","ArrayExpression","moduleSyncInserted",""
"src_components_GMTechnicalFlowchart_jsx.139.debugAction.140","src/components/GMTechnicalFlowchart.jsx","139","debugAction","insertModule",""
"src_components_GMTechnicalFlowchart_jsx.144.title.141","src/components/GMTechnicalFlowchart.jsx","144","title","Panel fusionado",""
"src_components_GMTechnicalFlowchart_jsx.145.ArrayExpression.142","src/components/GMTechnicalFlowchart.jsx","145","ArrayExpression","A+B",""
"src_components_GMTechnicalFlowchart_jsx.147.ArrayExpression.143","src/components/GMTechnicalFlowchart.jsx","147","ArrayExpression","MODULE_INSERTED_AB",""
"src_components_GMTechnicalFlowchart_jsx.148.ArrayExpression.144","src/components/GMTechnicalFlowchart.jsx","148","ArrayExpression","PANEL_FUSION_AB",""
"src_components_GMTechnicalFlowchart_jsx.150.condition.145","src/components/GMTechnicalFlowchart.jsx","150","condition","A+B -> cuando el modulo encaja, el sistema tiene que alinear el panel de A y B en un unico panel fusionado.",""
"src_components_GMTechnicalFlowchart_jsx.151.ArrayExpression.146","src/components/GMTechnicalFlowchart.jsx","151","ArrayExpression","PANEL_FUSION",""
"src_components_GMTechnicalFlowchart_jsx.151.ArrayExpression.147","src/components/GMTechnicalFlowchart.jsx","151","ArrayExpression","moduleSyncInserted",""
"src_components_GMTechnicalFlowchart_jsx.152.debugAction.148","src/components/GMTechnicalFlowchart.jsx","152","debugAction","insertModule",""
"src_components_GMTechnicalFlowchart_jsx.162.title.149","src/components/GMTechnicalFlowchart.jsx","162","title","Panel validado",""
"src_components_GMTechnicalFlowchart_jsx.163.ArrayExpression.150","src/components/GMTechnicalFlowchart.jsx","163","ArrayExpression","A+B",""
"src_components_GMTechnicalFlowchart_jsx.165.ArrayExpression.151","src/components/GMTechnicalFlowchart.jsx","165","ArrayExpression","PANEL_FUSION_AB",""
"src_components_GMTechnicalFlowchart_jsx.166.ArrayExpression.152","src/components/GMTechnicalFlowchart.jsx","166","ArrayExpression","PANEL_OK_AB",""
"src_components_GMTechnicalFlowchart_jsx.168.condition.153","src/components/GMTechnicalFlowchart.jsx","168","condition","A+B -> con el panel fusionado, los jugadores tienen que inspeccionar o introducir el codigo reconstruido.",""
"src_components_GMTechnicalFlowchart_jsx.169.ArrayExpression.154","src/components/GMTechnicalFlowchart.jsx","169","ArrayExpression","codigoAlmacenCompleto",""
"src_components_GMTechnicalFlowchart_jsx.169.ArrayExpression.155","src/components/GMTechnicalFlowchart.jsx","169","ArrayExpression","PANEL_OK",""
"src_components_GMTechnicalFlowchart_jsx.170.debugAction.156","src/components/GMTechnicalFlowchart.jsx","170","debugAction","validatePanel",""
"src_components_GMTechnicalFlowchart_jsx.179.title.157","src/components/GMTechnicalFlowchart.jsx","179","title","Salida abierta",""
"src_components_GMTechnicalFlowchart_jsx.180.ArrayExpression.158","src/components/GMTechnicalFlowchart.jsx","180","ArrayExpression","A+B",""
"src_components_GMTechnicalFlowchart_jsx.182.ArrayExpression.159","src/components/GMTechnicalFlowchart.jsx","182","ArrayExpression","PANEL_OK_AB",""
"src_components_GMTechnicalFlowchart_jsx.182.ArrayExpression.160","src/components/GMTechnicalFlowchart.jsx","182","ArrayExpression","DOOR_LOCKED_AB",""
"src_components_GMTechnicalFlowchart_jsx.183.ArrayExpression.161","src/components/GMTechnicalFlowchart.jsx","183","ArrayExpression","DOOR_OPEN_AB",""
"src_components_GMTechnicalFlowchart_jsx.185.condition.162","src/components/GMTechnicalFlowchart.jsx","185","condition","A+B -> con codigo completo y panel validado, los jugadores tienen que ejecutar intentar_salida para abrir la puerta.",""
"src_components_GMTechnicalFlowchart_jsx.186.ArrayExpression.163","src/components/GMTechnicalFlowchart.jsx","186","ArrayExpression","almacenSalidaLista",""
"src_components_GMTechnicalFlowchart_jsx.186.ArrayExpression.164","src/components/GMTechnicalFlowchart.jsx","186","ArrayExpression","DOOR_OPEN",""
"src_components_GMTechnicalFlowchart_jsx.187.debugAction.165","src/components/GMTechnicalFlowchart.jsx","187","debugAction","openDoor",""
"src_components_GMTechnicalFlowchart_jsx.239.template.166","src/components/GMTechnicalFlowchart.jsx","239","template","gameState/hotspotStates/${...}",""
"src_components_GMTechnicalFlowchart_jsx.243.BinaryExpression.167","src/components/GMTechnicalFlowchart.jsx","243","BinaryExpression","fuseLocker",""
"src_components_GMTechnicalFlowchart_jsx.245.MemberExpression.168","src/components/GMTechnicalFlowchart.jsx","245","MemberExpression","gameState/flags/lockerFusionDone",""
"src_components_GMTechnicalFlowchart_jsx.246.MemberExpression.169","src/components/GMTechnicalFlowchart.jsx","246","MemberExpression","gameState/flags/mecanismoFisicoLocalizado",""
"src_components_GMTechnicalFlowchart_jsx.249.BinaryExpression.170","src/components/GMTechnicalFlowchart.jsx","249","BinaryExpression","openLocker",""
"src_components_GMTechnicalFlowchart_jsx.251.MemberExpression.171","src/components/GMTechnicalFlowchart.jsx","251","MemberExpression","gameState/flags/lockerFusionDone",""
"src_components_GMTechnicalFlowchart_jsx.252.MemberExpression.172","src/components/GMTechnicalFlowchart.jsx","252","MemberExpression","gameState/flags/mecanismoFisicoLocalizado",""
"src_components_GMTechnicalFlowchart_jsx.253.MemberExpression.173","src/components/GMTechnicalFlowchart.jsx","253","MemberExpression","gameState/flags/mecanismoFisicoLiberado",""
"src_components_GMTechnicalFlowchart_jsx.254.MemberExpression.174","src/components/GMTechnicalFlowchart.jsx","254","MemberExpression","gameState/flags/moduleSyncAvailable",""
"src_components_GMTechnicalFlowchart_jsx.257.BinaryExpression.175","src/components/GMTechnicalFlowchart.jsx","257","BinaryExpression","insertModule",""
"src_components_GMTechnicalFlowchart_jsx.260.MemberExpression.176","src/components/GMTechnicalFlowchart.jsx","260","MemberExpression","gameState/flags/moduleSyncAvailable",""
"src_components_GMTechnicalFlowchart_jsx.261.MemberExpression.177","src/components/GMTechnicalFlowchart.jsx","261","MemberExpression","gameState/flags/moduleSyncInserted",""
"src_components_GMTechnicalFlowchart_jsx.264.BinaryExpression.178","src/components/GMTechnicalFlowchart.jsx","264","BinaryExpression","validatePanel",""
"src_components_GMTechnicalFlowchart_jsx.266.MemberExpression.179","src/components/GMTechnicalFlowchart.jsx","266","MemberExpression","gameState/flags/moduleSyncInserted",""
"src_components_GMTechnicalFlowchart_jsx.267.MemberExpression.180","src/components/GMTechnicalFlowchart.jsx","267","MemberExpression","gameState/flags/codigoAlmacenCompleto",""
"src_components_GMTechnicalFlowchart_jsx.268.MemberExpression.181","src/components/GMTechnicalFlowchart.jsx","268","MemberExpression","gameState/flags/almacenSalidaLista",""
"src_components_GMTechnicalFlowchart_jsx.271.BinaryExpression.182","src/components/GMTechnicalFlowchart.jsx","271","BinaryExpression","openDoor",""
"src_components_GMTechnicalFlowchart_jsx.274.MemberExpression.183","src/components/GMTechnicalFlowchart.jsx","274","MemberExpression","gameState/flags/codigoAlmacenCompleto",""
"src_components_GMTechnicalFlowchart_jsx.275.MemberExpression.184","src/components/GMTechnicalFlowchart.jsx","275","MemberExpression","gameState/flags/almacenSalidaLista",""
"src_components_GMTechnicalFlowchart_jsx.276.MemberExpression.185","src/components/GMTechnicalFlowchart.jsx","276","MemberExpression","gameState/flags/almacenCompletado",""
"src_components_GMTechnicalFlowchart_jsx.287.template.186","src/components/GMTechnicalFlowchart.jsx","287","template","gm-flow-node gm-flow-node--${...}",""
"src_components_GMTechnicalFlowchart_jsx.298.jsx_text.187","src/components/GMTechnicalFlowchart.jsx","298","jsx_text","Antes",""
"src_components_GMTechnicalFlowchart_jsx.302.jsx_text.188","src/components/GMTechnicalFlowchart.jsx","302","jsx_text","Despues",""
"src_components_GMTechnicalFlowchart_jsx.308.jsx_text.189","src/components/GMTechnicalFlowchart.jsx","308","jsx_text","Condicion",""
"src_components_GMTechnicalFlowchart_jsx.322.jsx_text.190","src/components/GMTechnicalFlowchart.jsx","322","jsx_text","Marcar fase",""
"src_components_GMTechnicalFlowchart_jsx.344.template.191","src/components/GMTechnicalFlowchart.jsx","344","template","Organigrama debug: ${...}.",""
"src_components_GMTechnicalFlowchart_jsx.347.OptionalCallExpression.192","src/components/GMTechnicalFlowchart.jsx","347","OptionalCallExpression","No se pudo forzar la fase del organigrama.",""
"src_components_GMTechnicalFlowchart_jsx.354.jsx_attribute.193","src/components/GMTechnicalFlowchart.jsx","354","jsx_attribute","Organigrama tecnico de overlays",""
"src_components_GMTechnicalFlowchart_jsx.372.jsx_text.194","src/components/GMTechnicalFlowchart.jsx","372","jsx_text","Debug de flujo",""
"src_components_GMTechnicalFlowchart_jsx.382.jsx_text.195","src/components/GMTechnicalFlowchart.jsx","382","jsx_text","A / B / A+B",""
"src_components_ItemModal_jsx.17.jsx_attribute.196","src/components/ItemModal.jsx","17","jsx_attribute","Cerrar",""
"src_components_ItemModal_jsx.19.LogicalExpression.197","src/components/ItemModal.jsx","19","LogicalExpression","Sin contenido.",""
"src_components_LobbyRolePanel_jsx.9.template.198","src/components/LobbyRolePanel.jsx","9","template","Ficha de ${...}",""
"src_components_LobbyRolePanel_jsx.10.jsx_text.199","src/components/LobbyRolePanel.jsx","10","jsx_text","operator profile",""
"src_components_LobbyRolePanel_jsx.16.jsx_text.200","src/components/LobbyRolePanel.jsx","16","jsx_text","Especialidad",""
"src_components_LobbyRolePanel_jsx.20.jsx_text.201","src/components/LobbyRolePanel.jsx","20","jsx_text","Cartas",""
"src_components_LobbyRolePanel_jsx.26.jsx_text.202","src/components/LobbyRolePanel.jsx","26","jsx_text","Operator ID",""
"src_components_LobbyRolePanel_jsx.35.BinaryExpression.203","src/components/LobbyRolePanel.jsx","35","BinaryExpression","Enter",""
"src_components_LobbyStage_jsx.17.conditional.204","src/components/LobbyStage.jsx","17","conditional","tu rol",""
"src_components_LobbyStage_jsx.57.conditional.205","src/components/LobbyStage.jsx","57","conditional","Awaiting squad",""
"src_components_LobbyStage_jsx.57.conditional.206","src/components/LobbyStage.jsx","57","conditional","Select operator",""
"src_components_LobbyStage_jsx.58.conditional.207","src/components/LobbyStage.jsx","58","conditional","all operators must lock profile before breach",""
"src_components_LobbyStage_jsx.58.conditional.208","src/components/LobbyStage.jsx","58","conditional","preview role, set name, hold to lock",""
"src_components_LobbyStage_jsx.59.conditional.209","src/components/LobbyStage.jsx","59","conditional","Cambiar rol",""
"src_components_LobbyStage_jsx.59.conditional.210","src/components/LobbyStage.jsx","59","conditional","Mantener para confirmar",""
"src_components_LobbyStage_jsx.195.jsx_text.211","src/components/LobbyStage.jsx","195","jsx_text","[hold]",""
"src_components_LobbyStage_jsx.196.jsx_text.212","src/components/LobbyStage.jsx","196","jsx_text","1000ms lock window",""
"src_components_LobbyStage_jsx.200.jsx_text.213","src/components/LobbyStage.jsx","200","jsx_text","Entrando en",""
"src_components_LobbyStage_jsx.203.template.214","src/components/LobbyStage.jsx","203","template","lobby-action-button ${...}",""
"src_components_LobbyStage_jsx.211.template.215","src/components/LobbyStage.jsx","211","template","${...}ms",""
"src_components_LobbyStage_jsx.221.jsx_attribute.216","src/components/LobbyStage.jsx","221","jsx_attribute","Personajes disponibles",""
"src_components_LobbyStage_jsx.246.conditional.217","src/components/LobbyStage.jsx","246","conditional","sin operador",""
"src_components_LobbyStage_jsx.246.conditional.218","src/components/LobbyStage.jsx","246","conditional","resolviendo...",""
"src_components_map_BackgroundLayer_jsx.25.jsx_attribute.219","src/components/map/BackgroundLayer.jsx","25","jsx_attribute","Tablero del jugador",""
"src_components_map_BackgroundLayer_jsx.40.jsx_attribute.220","src/components/map/BackgroundLayer.jsx","40","jsx_attribute","Mapa del instituto",""
"src_components_map_CoordinateOverlay_jsx.53.LogicalExpression.221","src/components/map/CoordinateOverlay.jsx","53","LogicalExpression","Clic para colocar punto",""
"src_components_NetworkCanvas_jsx.71.conditional.222","src/components/NetworkCanvas.jsx","71","conditional","Chip en cola. Espera el pulso.",""
"src_components_NetworkCanvas_jsx.73.conditional.223","src/components/NetworkCanvas.jsx","73","conditional","Acerca para ver los nodos",""
"src_components_NetworkCanvas_jsx.75.conditional.224","src/components/NetworkCanvas.jsx","75","conditional","Toca un puerto para hackear",""
"src_components_NetworkCanvas_jsx.76.conditional.225","src/components/NetworkCanvas.jsx","76","conditional","Toca un nodo para ver sus puertos",""
"src_components_NetworkCanvas_jsx.83.jsx_attribute.226","src/components/NetworkCanvas.jsx","83","jsx_attribute","xMidYMid meet",""
"src_components_NetworkCanvas_jsx.84.jsx_attribute.227","src/components/NetworkCanvas.jsx","84","jsx_attribute","Red de nodos del escenario",""
"src_components_NetworkCanvas_jsx.86.template.228","src/components/NetworkCanvas.jsx","86","template","translate(${...}px, ${...}px) scale(${...})",""
"src_components_NetworkCanvas_jsx.87.transformOrigin.229","src/components/NetworkCanvas.jsx","87","transformOrigin","center center",""
"src_components_NetworkCanvas_jsx.95.jsx_text.230","src/components/NetworkCanvas.jsx","95","jsx_text","Almacen",""
"src_components_NetworkCanvas_jsx.117.BinaryExpression.231","src/components/NetworkCanvas.jsx","117","BinaryExpression","Enter",""
"src_components_NetworkCanvas_jsx.129.template.232","src/components/NetworkCanvas.jsx","129","template","nc-node--${...}",""
"src_components_NetworkCanvas_jsx.155.BinaryExpression.233","src/components/NetworkCanvas.jsx","155","BinaryExpression","Enter",""
"src_components_NetworkCanvas_jsx.156.template.234","src/components/NetworkCanvas.jsx","156","template","nc-port-group${...}",""
"src_components_NetworkCanvas_jsx.161.template.235","src/components/NetworkCanvas.jsx","161","template","nc-port nc-port--${...}",""
"src_components_NodeGraph_jsx.3.NT_START.236","src/components/NodeGraph.jsx","3","NT_START","START",""
"src_components_NodeGraph_jsx.4.NT_EXIT.237","src/components/NodeGraph.jsx","4","NT_EXIT","EXIT",""
"src_components_NodeGraph_jsx.5.NT_DATA.238","src/components/NodeGraph.jsx","5","NT_DATA","DATA",""
"src_components_NodeGraph_jsx.6.NT_VOID.239","src/components/NodeGraph.jsx","6","NT_VOID","VOID",""
"src_components_NodeGraph_jsx.7.NT_BOOST.240","src/components/NodeGraph.jsx","7","NT_BOOST","BOOST",""
"src_components_NodeGraph_jsx.8.NT_NOISE.241","src/components/NodeGraph.jsx","8","NT_NOISE","NOISE",""
"src_components_NodeGraph_jsx.20.NT_START.242","src/components/NodeGraph.jsx","20","NT_START","S",""
"src_components_NodeGraph_jsx.21.NT_EXIT.243","src/components/NodeGraph.jsx","21","NT_EXIT","X",""
"src_components_NodeGraph_jsx.200.template.244","src/components/NodeGraph.jsx","200","template","nodegraph-timer-fill${...}",""
"src_components_NodeGraph_jsx.209.jsx_attribute.245","src/components/NodeGraph.jsx","209","jsx_attribute","Red de conexion",""
"src_components_NodeGraph_jsx.222.template.246","src/components/NodeGraph.jsx","222","template","nodegraph-edge${...}",""
"src_components_NodeGraph_jsx.236.BinaryExpression.247","src/components/NodeGraph.jsx","236","BinaryExpression","Enter",""
"src_components_NodeGraph_jsx.246.template.248","src/components/NodeGraph.jsx","246","template","Nodo ${...}",""
"src_components_NodeGraph_jsx.265.jsx_text.249","src/components/NodeGraph.jsx","265","jsx_text","Carga:",""
"src_components_NodeGraph_jsx.268.jsx_text.250","src/components/NodeGraph.jsx","268","jsx_text","Nodos:",""
"src_components_NodeGraph_jsx.273.jsx_attribute.251","src/components/NodeGraph.jsx","273","jsx_attribute","Leyenda de la red",""
"src_components_NodeGraph_jsx.277.jsx_text.252","src/components/NodeGraph.jsx","277","jsx_text","X",""
"src_components_NodeGraph_jsx.277.jsx_text.253","src/components/NodeGraph.jsx","277","jsx_text","Salida",""
"src_components_NodeGraph_jsx.285.jsx_text.254","src/components/NodeGraph.jsx","285","jsx_text","Cancelar",""
"src_components_ObjectInventoryGrid_jsx.13.template.255","src/components/ObjectInventoryGrid.jsx","13","template","mystery-${...}",""
"src_components_ObjectInventoryGrid_jsx.13.jsx_attribute.256","src/components/ObjectInventoryGrid.jsx","13","jsx_attribute","Contenido desconocido",""
"src_components_ObjectInventoryGrid_jsx.29.template.257","src/components/ObjectInventoryGrid.jsx","29","template","searching-${...}",""
"src_components_ObjectInventoryGrid_jsx.31.jsx_attribute.258","src/components/ObjectInventoryGrid.jsx","31","jsx_attribute","Buscando...",""
"src_components_ObjectInventoryGrid_jsx.32.template.259","src/components/ObjectInventoryGrid.jsx","32","template","${...}s",""
"src_components_ObjectInventoryGrid_jsx.49.jsx_text.260","src/components/ObjectInventoryGrid.jsx","49","jsx_text","Vacío",""
"src_components_ObjectInventoryGrid_jsx.58.template.261","src/components/ObjectInventoryGrid.jsx","58","template","obj-inv-slot reveal-in ${...}",""
"src_components_ObjectInventoryGrid_jsx.64.call_argument.262","src/components/ObjectInventoryGrid.jsx","64","call_argument","application/x-inv-item-id",""
"src_components_PlayerActionCard_jsx.47.template.263","src/components/PlayerActionCard.jsx","47","template","${...} de ${...} usos",""
"src_components_PlayerActionCard_jsx.49.template.264","src/components/PlayerActionCard.jsx","49","template","usage-pip ${...}",""
"src_components_PlayerCodeTooltipLayer_jsx.13.call_argument.265","src/components/PlayerCodeTooltipLayer.jsx","13","call_argument","(prefers-reduced-motion: reduce)",""
"src_components_PlayerCodeTooltipLayer_jsx.56.AssignmentPattern.266","src/components/PlayerCodeTooltipLayer.jsx","56","AssignmentPattern","Cerrar",""
"src_components_PlayerCodeTooltipLayer_jsx.71.template.267","src/components/PlayerCodeTooltipLayer.jsx","71","template","${...}ms",""
"src_components_PlayerCodeTooltipLayer_jsx.121.template.268","src/components/PlayerCodeTooltipLayer.jsx","121","template","player-utility-btn player-utility-btn--tooltip${...}",""
"src_components_PlayerCodeTooltipLayer_jsx.123.jsx_attribute.269","src/components/PlayerCodeTooltipLayer.jsx","123","jsx_attribute","Ver guias",""
"src_components_PlayerCodeTooltipLayer_jsx.147.template.270","src/components/PlayerCodeTooltipLayer.jsx","147","template","player-code-tooltip__about ${...}",""
"src_components_PlayerCodeTooltipLayer_jsx.149.jsx_text.271","src/components/PlayerCodeTooltipLayer.jsx","149","jsx_text","[ Acerca de... ]",""
"src_components_PlayerInventoryBar_jsx.26.call_argument.272","src/components/PlayerInventoryBar.jsx","26","call_argument","application/x-inv-item-id",""
"src_components_PlayerInventoryBar_jsx.33.jsx_attribute.273","src/components/PlayerInventoryBar.jsx","33","jsx_attribute","Inventario del jugador",""
"src_components_PlayerInventoryBar_jsx.42.template.274","src/components/PlayerInventoryBar.jsx","42","template","player-inv-slot ${...}",""
"src_components_PlayerInventoryBar_jsx.55.call_argument.275","src/components/PlayerInventoryBar.jsx","55","call_argument","application/x-inv-item-id",""
"src_components_PulseAnomalyVFX_jsx.5.template.276","src/components/PulseAnomalyVFX.jsx","5","template","${...}-pulse-anomaly-soft-glow",""
"src_components_PulseAnomalyVFX_jsx.6.template.277","src/components/PulseAnomalyVFX.jsx","6","template","${...}-pulse-anomaly-green-magenta",""
"src_components_PulseAnomalyVFX_jsx.7.template.278","src/components/PulseAnomalyVFX.jsx","7","template","${...}-pulse-anomaly-magenta-green",""
"src_components_PulseAnomalyVFX_jsx.10.template.279","src/components/PulseAnomalyVFX.jsx","10","template","pulse-anomaly-vfx ${...}",""
"src_components_PulseAnomalyVFX_jsx.17.jsx_attribute.280","src/components/PulseAnomalyVFX.jsx","17","jsx_attribute","SourceGraphic",""
"src_components_PulseAnomalyVFX_jsx.35.jsx_attribute.281","src/components/PulseAnomalyVFX.jsx","35","jsx_attribute","M54 4 C26 30 84 48 54 78 C24 108 80 124 52 154 C26 184 68 198 40 216",""
"src_components_PulseAnomalyVFX_jsx.37.template.282","src/components/PulseAnomalyVFX.jsx","37","template","url(#${...})",""
"src_components_PulseAnomalyVFX_jsx.38.template.283","src/components/PulseAnomalyVFX.jsx","38","template","url(#${...})",""
"src_components_PulseAnomalyVFX_jsx.42.jsx_attribute.284","src/components/PulseAnomalyVFX.jsx","42","jsx_attribute","M42 2 C74 34 22 62 52 90 C84 120 28 142 56 170 C82 196 44 206 60 218",""
"src_components_PulseAnomalyVFX_jsx.44.template.285","src/components/PulseAnomalyVFX.jsx","44","template","url(#${...})",""
"src_components_PulseAnomalyVFX_jsx.45.template.286","src/components/PulseAnomalyVFX.jsx","45","template","url(#${...})",""
"src_components_PulseAnomalyVFX_jsx.50.jsx_attribute.287","src/components/PulseAnomalyVFX.jsx","50","jsx_attribute","M54 4 C26 30 84 48 54 78 C24 108 80 124 52 154 C26 184 68 198 40 216",""
"src_components_PulseAnomalyVFX_jsx.52.template.288","src/components/PulseAnomalyVFX.jsx","52","template","url(#${...})",""
"src_components_PulseAnomalyVFX_jsx.56.jsx_attribute.289","src/components/PulseAnomalyVFX.jsx","56","jsx_attribute","M42 2 C74 34 22 62 52 90 C84 120 28 142 56 170 C82 196 44 206 60 218",""
"src_components_PulseAnomalyVFX_jsx.58.template.290","src/components/PulseAnomalyVFX.jsx","58","template","url(#${...})",""
"src_components_PulseAnomalyVFX_jsx.61.jsx_attribute.291","src/components/PulseAnomalyVFX.jsx","61","jsx_attribute","M55 80 C66 76 72 82 76 93",""
"src_components_PulseAnomalyVFX_jsx.62.jsx_attribute.292","src/components/PulseAnomalyVFX.jsx","62","jsx_attribute","M48 119 C34 116 27 126 20 139",""
"src_components_PulseAnomalyVFX_jsx.63.jsx_attribute.293","src/components/PulseAnomalyVFX.jsx","63","jsx_attribute","M53 155 C66 150 78 154 86 166",""
"src_components_PulseAnomalyVFX_jsx.64.jsx_attribute.294","src/components/PulseAnomalyVFX.jsx","64","jsx_attribute","M44 186 C31 186 22 194 16 207",""
"src_components_PulseSignalFrame_jsx.30.template.295","src/components/PulseSignalFrame.jsx","30","template","pulse-signal-frame pulse-signal-frame--${...}",""
"src_components_PulseSignalFrame_jsx.32.jsx_attribute.296","src/components/PulseSignalFrame.jsx","32","jsx_attribute","Senal de estabilidad temporal",""
"src_components_PulseSignalFrame_jsx.42.jsx_text.297","src/components/PulseSignalFrame.jsx","42","jsx_text","Error",""
"src_components_PulseSignalFrame_jsx.43.jsx_text.298","src/components/PulseSignalFrame.jsx","43","jsx_text","senal perdida",""
"src_components_PulseSignalFrame_jsx.47.jsx_attribute.299","src/components/PulseSignalFrame.jsx","47","jsx_attribute","M0 35 C18 18 30 52 48 35 S78 52 96 35 S126 18 144 35 S174 52 192 35 S222 18 240 35",""
"src_components_PulseSignalFrame_jsx.48.jsx_attribute.300","src/components/PulseSignalFrame.jsx","48","jsx_attribute","M0 35 C18 18 30 52 48 35 S78 52 96 35 S126 18 144 35 S174 52 192 35 S222 18 240 35",""
"src_components_PulseSignalFrame_jsx.49.jsx_attribute.301","src/components/PulseSignalFrame.jsx","49","jsx_attribute","M0 38 L15 31 L28 43 L44 28 L58 39 L75 34 L92 45 L110 26 L128 37 L148 31 L164 43 L184 29 L204 39 L220 33 L240 42",""
"src_components_SceneMap_jsx.50.template.302","src/components/SceneMap.jsx","50","template","Carga acumulada: ${...} de ${...}",""
"src_components_SceneMap_jsx.227.conditional.303","src/components/SceneMap.jsx","227","conditional","calc(-100% - 18px)",""
"src_components_SceneMap_jsx.227.conditional.304","src/components/SceneMap.jsx","227","conditional","calc(304px + 18px)",""
"src_components_SceneMap_jsx.330.jsx_attribute.305","src/components/SceneMap.jsx","330","jsx_attribute","M0 0H100V18C70 8 30 8 0 18Z",""
"src_components_SceneMap_jsx.331.jsx_attribute.306","src/components/SceneMap.jsx","331","jsx_attribute","M0 100H100V82C70 92 30 92 0 82Z",""
"src_components_SceneMap_jsx.332.jsx_attribute.307","src/components/SceneMap.jsx","332","jsx_attribute","M0 0H8C2 29 2 71 8 100H0Z",""
"src_components_SceneMap_jsx.333.jsx_attribute.308","src/components/SceneMap.jsx","333","jsx_attribute","M100 0H92C98 29 98 71 92 100H100Z",""
"src_components_SceneMap_jsx.394.jsx_attribute.309","src/components/SceneMap.jsx","394","jsx_attribute","Recoger resonancia",""
"src_components_SceneMap_jsx.594.template.310","src/components/SceneMap.jsx","594","template","${...}deg",""
"src_components_SceneMap_jsx.595.template.311","src/components/SceneMap.jsx","595","template","${...}deg",""
"src_components_SceneMap_jsx.596.template.312","src/components/SceneMap.jsx","596","template","${...}px",""
"src_components_SceneMap_jsx.597.template.313","src/components/SceneMap.jsx","597","template","${...}px",""
"src_components_SceneMap_jsx.889.template.314","src/components/SceneMap.jsx","889","template","is-interference-active is-interference-v${...}",""
"src_components_SceneMap_jsx.902.template.315","src/components/SceneMap.jsx","902","template","${...}px",""
"src_components_SceneMap_jsx.909.template.316","src/components/SceneMap.jsx","909","template","${...}px",""
"src_components_SceneMap_jsx.909.template.317","src/components/SceneMap.jsx","909","template","${...}px",""
"src_components_SceneMap_jsx.916.template.318","src/components/SceneMap.jsx","916","template","${...}px",""
"src_components_SceneMap_jsx.916.template.319","src/components/SceneMap.jsx","916","template","${...}px",""
"src_components_SceneMap_jsx.923.template.320","src/components/SceneMap.jsx","923","template","${...}px",""
"src_components_SceneMap_jsx.934.template.321","src/components/SceneMap.jsx","934","template","${...}px",""
"src_components_SceneMap_jsx.935.template.322","src/components/SceneMap.jsx","935","template","${...}px",""
"src_components_SceneMap_jsx.936.template.323","src/components/SceneMap.jsx","936","template","translate(${...}px, ${...}px) scale(${...})",""
"src_components_SceneMap_jsx.979.template.324","src/components/SceneMap.jsx","979","template","${...}-cards",""
"src_components_SceneMap_jsx.981.template.325","src/components/SceneMap.jsx","981","template","${...}-card",""
"src_components_SceneMap_jsx.995.jsx_text.326","src/components/SceneMap.jsx","995","jsx_text","Estado:",""
"src_components_SceneMap_jsx.1002.jsx_text.327","src/components/SceneMap.jsx","1002","jsx_text","Contradiccion detectada",""
"src_components_SceneMap_jsx.1008.template.328","src/components/SceneMap.jsx","1008","template","device-connect-btn ${...}",""
"src_components_SceneMap_jsx.1014.conditional.329","src/components/SceneMap.jsx","1014","conditional","✕ Desconectar",""
"src_components_SceneMap_jsx.1014.conditional.330","src/components/SceneMap.jsx","1014","conditional","▣ Conectarse a Dispositivo",""
"src_components_SceneMap_jsx.1035.conditional.331","src/components/SceneMap.jsx","1035","conditional","Analisis bloqueado",""
"src_components_SceneMap_jsx.1042.jsx_text.332","src/components/SceneMap.jsx","1042","jsx_text","Requiere carga",""
"src_components_SceneMap_jsx.1043.jsx_text.333","src/components/SceneMap.jsx","1043","jsx_text","en la accion de inspeccion",""
"src_components_SceneMap_jsx.1053.jsx_text.334","src/components/SceneMap.jsx","1053","jsx_text","Accion",""
"src_components_SceneMap_jsx.1056.jsx_text.335","src/components/SceneMap.jsx","1056","jsx_text","Chip en cola:",""
"src_components_SceneMap_jsx.1057.jsx_text.336","src/components/SceneMap.jsx","1057","jsx_text","El pulso resolvera esta accion.",""
"src_components_SceneMap_jsx.1061.jsx_text.337","src/components/SceneMap.jsx","1061","jsx_text","Pulso activo",""
"src_components_SceneMap_jsx.1062.jsx_text.338","src/components/SceneMap.jsx","1062","jsx_text","Espera resolucion antes de preparar otro chip.",""
"src_components_SceneMap_jsx.1066.jsx_text.339","src/components/SceneMap.jsx","1066","jsx_text","Objetivo seleccionado",""
"src_components_SceneMap_jsx.1067.jsx_text.340","src/components/SceneMap.jsx","1067","jsx_text","Prepara la accion desde tu dispositivo movil.",""
"src_components_SceneMap_jsx.1074.template.341","src/components/SceneMap.jsx","1074","template","${...}-inspection-card",""
"src_components_SceneMap_jsx.1096.template.342","src/components/SceneMap.jsx","1096","template","${...}-pulse-anomaly-preview",""
"src_components_SoftwareLoadMinigame_jsx.56.jsx_attribute.343","src/components/SoftwareLoadMinigame.jsx","56","jsx_attribute","M32 5 57 31H43v28H21V31H7L32 5Z",""
"src_components_SoftwareLoadMinigame_jsx.89.template.344","src/components/SoftwareLoadMinigame.jsx","89","template","${...}s",""
"src_components_SoftwareLoadMinigame_jsx.228.template.345","src/components/SoftwareLoadMinigame.jsx","228","template","software-load-minigame software-load-${...}",""
"src_components_SoftwareLoadMinigame_jsx.232.jsx_attribute.346","src/components/SoftwareLoadMinigame.jsx","232","jsx_attribute","Minijuego de carga de software",""
"src_components_SoftwareLoadMinigame_jsx.238.template.347","src/components/SoftwareLoadMinigame.jsx","238","template","software-load-dot ${...}",""
"src_components_SoftwareLoadMinigame_jsx.241.conditional.348","src/components/SoftwareLoadMinigame.jsx","241","conditional","Carga de software completada",""
"src_components_SoftwareLoadMinigame_jsx.241.conditional.349","src/components/SoftwareLoadMinigame.jsx","241","conditional","Carga de software fallida",""
"src_components_SoftwareLoadMinigame_jsx.241.conditional.350","src/components/SoftwareLoadMinigame.jsx","241","conditional","Carga de software",""
"src_components_SoftwareLoadMinigame_jsx.243.template.351","src/components/SoftwareLoadMinigame.jsx","243","template","software-load-timer ${...}",""
"src_components_SoftwareLoadMinigame_jsx.245.template.352","src/components/SoftwareLoadMinigame.jsx","245","template","${...} de ${...} aciertos",""
"src_components_SoftwareLoadMinigame_jsx.254.template.353","src/components/SoftwareLoadMinigame.jsx","254","template","software-load-arrow direction-${...} state-${...} ${...}",""
"src_components_SoftwareLoadMinigame_jsx.262.jsx_text.354","src/components/SoftwareLoadMinigame.jsx","262","jsx_text","Pulsa WASD o las flechas en orden para completar la carga.",""
"src_components_SoftwareLoadMinigame_jsx.265.jsx_text.355","src/components/SoftwareLoadMinigame.jsx","265","jsx_text","Reintentar",""
"src_components_SoftwareLoadMinigame_jsx.266.jsx_text.356","src/components/SoftwareLoadMinigame.jsx","266","jsx_text","Cancelar",""
"src_data_actionTypes_js.7.object_value.357","src/data/actionTypes.js","7","object_value","Accion_Inspeccion",""
"src_data_actionTypes_js.8.object_value.358","src/data/actionTypes.js","8","object_value","Accion_Interaccion",""
"src_data_actionTypes_js.12.object_value.359","src/data/actionTypes.js","12","object_value","Inspeccionar una zona para obtener resonancia de anomalia.",""
"src_data_actionTypes_js.13.object_value.360","src/data/actionTypes.js","13","object_value","Manipula un objeto para intentar arreglarlo o resolverlo.",""
"src_data_actionTypes_js.48.LogicalExpression.361","src/data/actionTypes.js","48","LogicalExpression","Accion",""
"src_data_actionTypes_js.53.LogicalExpression.362","src/data/actionTypes.js","53","LogicalExpression","Ejecuta una accion narrativa sobre el objeto elegido.",""
"src_data_gameData_js.32.label.363","src/data/gameData.js","32","label","Acceso",""
"src_data_gameData_js.32.description.364","src/data/gameData.js","32","description","Puntos de entrada, salida o paso.",""
"src_data_gameData_js.33.label.365","src/data/gameData.js","33","label","Contenedor",""
"src_data_gameData_js.33.description.366","src/data/gameData.js","33","description","Objetos que guardan o contienen elementos.",""
"src_data_gameData_js.34.label.367","src/data/gameData.js","34","label","Dispositivo",""
"src_data_gameData_js.34.description.368","src/data/gameData.js","34","description","Sistemas electrónicos o mecánicos interactuables.",""
"src_data_gameData_js.35.label.369","src/data/gameData.js","35","label","Información",""
"src_data_gameData_js.35.description.370","src/data/gameData.js","35","description","Fuentes de datos, pistas o documentos.",""
"src_data_gameData_js.36.label.371","src/data/gameData.js","36","label","Objeto",""
"src_data_gameData_js.36.description.372","src/data/gameData.js","36","description","Elementos físicos sueltos o de uso directo.",""
"src_data_gameData_js.37.label.373","src/data/gameData.js","37","label","Sensor",""
"src_data_gameData_js.37.description.374","src/data/gameData.js","37","description","Detectores o sistemas de vigilancia.",""
"src_data_gameData_js.45.label.375","src/data/gameData.js","45","label","Hotspot1",""
"src_data_gameData_js.46.label.376","src/data/gameData.js","46","label","Hotspot2",""
"src_data_gameData_js.47.label.377","src/data/gameData.js","47","label","Hotspot3",""
"src_data_playerTooltips_js.6.title.378","src/data/playerTooltips.js","6","title","Zonas de interaccion",""
"src_data_playerTooltips_js.7.text.379","src/data/playerTooltips.js","7","text","Explora el escenario. Acercate a zonas que reaccionen.",""
"src_data_playerTooltips_js.11.title.380","src/data/playerTooltips.js","11","title","Objetivo seleccionado",""
"src_data_playerTooltips_js.12.text.381","src/data/playerTooltips.js","12","text","Esta ventana muestra pistas, objetos y cambios descubiertos.",""
"src_data_playerTooltips_js.16.title.382","src/data/playerTooltips.js","16","title","Terminal movil",""
"src_data_playerTooltips_js.17.text.383","src/data/playerTooltips.js","17","text","Para actuar sobre este objetivo, encuentra su puerto en el terminal movil.",""
"src_data_playerTooltips_js.21.title.384","src/data/playerTooltips.js","21","title","Chip en cola",""
"src_data_playerTooltips_js.22.text.385","src/data/playerTooltips.js","22","text","Tu accion espera al siguiente pulso para resolverse.",""
"src_data_playerTooltips_js.27.title.386","src/data/playerTooltips.js","27","title","Pulso temporal",""
"src_data_playerTooltips_js.28.text.387","src/data/playerTooltips.js","28","text","El pulso esta resolviendo los chips preparados. Observa el resultado.",""
"src_data_playerTooltips_js.33.title.388","src/data/playerTooltips.js","33","title","Taquilla bloqueada",""
"src_data_playerTooltips_js.34.text.389","src/data/playerTooltips.js","34","text","La taquilla se abre con la llave, pero ahora mismo el cierre existe partido entre dos realidades. Primero hay que fusionarla.",""
"src_data_playerTooltips_js.38.title.390","src/data/playerTooltips.js","38","title","Fusion disponible",""
"src_data_playerTooltips_js.39.text.391","src/data/playerTooltips.js","39","text","Ya hay resonancia suficiente. Activa la fusion desde el terminal movil de la taquilla; el GM solo observa.",""
"src_data_playerTooltips_js.43.title.392","src/data/playerTooltips.js","43","title","Usa la llave",""
"src_data_playerTooltips_js.44.text.393","src/data/playerTooltips.js","44","text","La taquilla ya esta fusionada. Ahora si: usa la llave sobre ella para abrirla.",""
"src_data_playerTooltips_js.48.title.394","src/data/playerTooltips.js","48","title","Nueva capa detectada",""
"src_data_playerTooltips_js.49.text.395","src/data/playerTooltips.js","49","text","La inspeccion ha desbloqueado una pista persistente.",""
"src_data_playerTooltips_js.53.title.396","src/data/playerTooltips.js","53","title","Reaccion anomala",""
"src_data_playerTooltips_js.54.text.397","src/data/playerTooltips.js","54","text","El objetivo ha respondido, pero la accion no ha sido suficiente.",""
"src_data_playerTooltips_js.59.title.398","src/data/playerTooltips.js","59","title","Resonancia",""
"src_data_playerTooltips_js.60.text.399","src/data/playerTooltips.js","60","text","Las contradicciones entre realidades generan energia util.",""
"src_data_playerTooltips_js.64.title.400","src/data/playerTooltips.js","64","title","Realidades distintas",""
"src_data_playerTooltips_js.65.text.401","src/data/playerTooltips.js","65","text","Si algo no encaja, otro jugador puede estar viendo una version diferente.",""
"src_data_playerTooltips_js.69.title.402","src/data/playerTooltips.js","69","title","Fusion de Realidades",""
"src_data_playerTooltips_js.70.text.403","src/data/playerTooltips.js","70","text","Sincroniza tu parte desde el terminal movil.",""
"src_data_playerTooltips_js.75.title.404","src/data/playerTooltips.js","75","title","Realidad estabilizada",""
"src_data_playerTooltips_js.76.text.405","src/data/playerTooltips.js","76","text","Las taquillas han cambiado. Vuelve al escenario para continuar.",""
"src_data_playerTooltips_js.80.title.406","src/data/playerTooltips.js","80","title","Modulo encontrado",""
"src_data_playerTooltips_js.81.text.407","src/data/playerTooltips.js","81","text","Este objeto puede activar una parte del sistema de salida.",""
"src_data_playerTooltips_js.85.title.408","src/data/playerTooltips.js","85","title","Panel de salida",""
"src_data_playerTooltips_js.86.text.409","src/data/playerTooltips.js","86","text","Este dispositivo combina codigo, resonancia y objetos clave.",""
"src_data_playerTooltips_js.90.title.410","src/data/playerTooltips.js","90","title","Salida preparada",""
"src_data_playerTooltips_js.91.text.411","src/data/playerTooltips.js","91","text","El sistema reconoce las condiciones necesarias para escapar.",""
"src_data_playerTooltips_js.193.BinaryExpression.412","src/data/playerTooltips.js","193","BinaryExpression","LOCKER_FUSION",""
"src_data_roles_js.4.label.413","src/data/roles.js","4","label","El Empollon",""
"src_data_roles_js.5.kicker.414","src/data/roles.js","5","kicker","Interpretar sistemas",""
"src_data_roles_js.6.text.415","src/data/roles.js","6","text","Lee protocolos y prepara resoluciones limpias.",""
"src_data_roles_js.7.cards.416","src/data/roles.js","7","cards","Accion_Inspeccion, Accion_Interaccion",""
"src_data_roles_js.16.label.417","src/data/roles.js","16","label","La Manitas",""
"src_data_roles_js.17.kicker.418","src/data/roles.js","17","kicker","Manipular mecanismos",""
"src_data_roles_js.18.text.419","src/data/roles.js","18","text","Trastea, desmonta y puentea objetos tecnicos.",""
"src_data_roles_js.19.cards.420","src/data/roles.js","19","cards","Accion_Inspeccion, Accion_Interaccion",""
"src_data_roles_js.28.label.421","src/data/roles.js","28","label","El Guaperas",""
"src_data_roles_js.29.kicker.422","src/data/roles.js","29","kicker","Forzar progreso",""
"src_data_roles_js.30.text.423","src/data/roles.js","30","text","Empuja, revienta y desbloquea avances con riesgo.",""
"src_data_roles_js.31.cards.424","src/data/roles.js","31","cards","Accion_Inspeccion, Accion_Interaccion",""
"src_data_roles_js.40.label.425","src/data/roles.js","40","label","La Mistica",""
"src_data_roles_js.41.kicker.426","src/data/roles.js","41","kicker","Logica rara util",""
"src_data_roles_js.42.text.427","src/data/roles.js","42","text","Encuentra patrones absurdos y soluciones alternativas.",""
"src_data_roles_js.43.cards.428","src/data/roles.js","43","cards","Accion_Inspeccion, Accion_Interaccion",""
"src_data_scenarioContent_js.4.LOCKED.429","src/data/scenarioContent.js","4","LOCKED","LOCKER_LOCKED",""
"src_data_scenarioContent_js.5.FUSION.430","src/data/scenarioContent.js","5","FUSION","LOCKER_FUSION",""
"src_data_scenarioContent_js.6.OPEN.431","src/data/scenarioContent.js","6","OPEN","LOCKER_OPEN",""
"src_data_scenarioContent_js.10.NEEDS_MODULE.432","src/data/scenarioContent.js","10","NEEDS_MODULE","PANEL_NEEDS_MODULE",""
"src_data_scenarioContent_js.11.FUSION.433","src/data/scenarioContent.js","11","FUSION","PANEL_FUSION",""
"src_data_scenarioContent_js.12.OK.434","src/data/scenarioContent.js","12","OK","PANEL_OK",""
"src_data_scenarioContent_js.16.LOCKED.435","src/data/scenarioContent.js","16","LOCKED","DOOR_LOCKED",""
"src_data_scenarioContent_js.17.OPEN.436","src/data/scenarioContent.js","17","OPEN","DOOR_OPEN",""
"src_data_scenarioContent_js.25.MODULE_SYNC.437","src/data/scenarioContent.js","25","MODULE_SYNC","MODULE_SYNC_01",""
"src_data_scenarioContent_js.29.label.438","src/data/scenarioContent.js","29","label","Hotspot 1",""
"src_data_scenarioContent_js.30.label.439","src/data/scenarioContent.js","30","label","Hotspot 2",""
"src_data_scenarioContent_js.31.label.440","src/data/scenarioContent.js","31","label","Hotspot 3",""
"src_data_scenarioContent_js.37.label.441","src/data/scenarioContent.js","37","label","Pizarra",""
"src_data_scenarioContent_js.45.type.442","src/data/scenarioContent.js","45","type","PORT_INFO",""
"src_data_scenarioContent_js.45.label.443","src/data/scenarioContent.js","45","label","Lectura",""
"src_data_scenarioContent_js.50.label.444","src/data/scenarioContent.js","50","label","Taquillas",""
"src_data_scenarioContent_js.58.type.445","src/data/scenarioContent.js","58","type","PORT_INFO",""
"src_data_scenarioContent_js.58.label.446","src/data/scenarioContent.js","58","label","Lectura",""
"src_data_scenarioContent_js.59.type.447","src/data/scenarioContent.js","59","type","PORT_MECH",""
"src_data_scenarioContent_js.59.label.448","src/data/scenarioContent.js","59","label","Mecanismo",""
"src_data_scenarioContent_js.64.label.449","src/data/scenarioContent.js","64","label","Análisis del cierre",""
"src_data_scenarioContent_js.67.A.450","src/data/scenarioContent.js","67","A","El cierre tiene carcasa y arco, pero la zona de lectura esta incompleta. Hay una guia vacia donde deberia encajar un mecanismo interior.",""
"src_data_scenarioContent_js.68.B.451","src/data/scenarioContent.js","68","B","No ves la carcasa completa: ves el mecanismo interno. Las marcas verdes coinciden con la guia vacia de la otra realidad.",""
"src_data_scenarioContent_js.73.label.452","src/data/scenarioContent.js","73","label","Fallo de mecanismo",""
"src_data_scenarioContent_js.76.A.453","src/data/scenarioContent.js","76","A","La llave encaja en la guia exterior, pero el mecanismo de rotacion interior no responde. Falta la pieza que lo activa desde dentro.",""
"src_data_scenarioContent_js.77.B.454","src/data/scenarioContent.js","77","B","La horquilla calza en el mecanismo interior, pero sin la carcasa exterior no hay estructura para girar el cierre.",""
"src_data_scenarioContent_js.84.label.455","src/data/scenarioContent.js","84","label","Caja marcada",""
"src_data_scenarioContent_js.92.type.456","src/data/scenarioContent.js","92","type","PORT_INFO",""
"src_data_scenarioContent_js.92.label.457","src/data/scenarioContent.js","92","label","Lectura",""
"src_data_scenarioContent_js.93.type.458","src/data/scenarioContent.js","93","type","PORT_MECH",""
"src_data_scenarioContent_js.93.label.459","src/data/scenarioContent.js","93","label","Mecanismo",""
"src_data_scenarioContent_js.98.label.460","src/data/scenarioContent.js","98","label","Balones",""
"src_data_scenarioContent_js.106.type.461","src/data/scenarioContent.js","106","type","PORT_INFO",""
"src_data_scenarioContent_js.106.label.462","src/data/scenarioContent.js","106","label","Lectura",""
"src_data_scenarioContent_js.111.label.463","src/data/scenarioContent.js","111","label","Panel de salida",""
"src_data_scenarioContent_js.119.type.464","src/data/scenarioContent.js","119","type","PORT_INFO",""
"src_data_scenarioContent_js.119.label.465","src/data/scenarioContent.js","119","label","Diagnostico",""
"src_data_scenarioContent_js.120.type.466","src/data/scenarioContent.js","120","type","PORT_MECH",""
"src_data_scenarioContent_js.120.label.467","src/data/scenarioContent.js","120","label","Control",""
"src_data_scenarioContent_js.123.deviceName.468","src/data/scenarioContent.js","123","deviceName","Panel de salida",""
"src_data_scenarioContent_js.125.ArrayExpression.469","src/data/scenarioContent.js","125","ArrayExpression","Inicializando lector de salida...",""
"src_data_scenarioContent_js.126.ArrayExpression.470","src/data/scenarioContent.js","126","ArrayExpression","Sincronizando cerradura fisica...",""
"src_data_scenarioContent_js.127.ArrayExpression.471","src/data/scenarioContent.js","127","ArrayExpression","Interferencia entre realidades detectada.",""
"src_data_scenarioContent_js.128.ArrayExpression.472","src/data/scenarioContent.js","128","ArrayExpression","Canal de mantenimiento disponible.",""
"src_data_scenarioContent_js.133.description.473","src/data/scenarioContent.js","133","description","Muestra el estado visible del panel.",""
"src_data_scenarioContent_js.135.ArrayExpression.474","src/data/scenarioContent.js","135","ArrayExpression","Salida: bloqueada.",""
"src_data_scenarioContent_js.136.ArrayExpression.475","src/data/scenarioContent.js","136","ArrayExpression","Codigo numerico: incompleto.",""
"src_data_scenarioContent_js.137.ArrayExpression.476","src/data/scenarioContent.js","137","ArrayExpression","Mecanismo fisico: sin confirmar.",""
"src_data_scenarioContent_js.142.description.477","src/data/scenarioContent.js","142","description","Lista inconsistencias detectadas por el panel.",""
"src_data_scenarioContent_js.144.ArrayExpression.478","src/data/scenarioContent.js","144","ArrayExpression","Lecturas incompatibles entre sensores.",""
"src_data_scenarioContent_js.145.ArrayExpression.479","src/data/scenarioContent.js","145","ArrayExpression","Una parte del mecanismo no existe en esta realidad.",""
"src_data_scenarioContent_js.150.description.480","src/data/scenarioContent.js","150","description","Comprueba si codigo y mecanismo fisico bastan para abrir.",""
"src_data_scenarioContent_js.161.label.481","src/data/scenarioContent.js","161","label","Llave industrial",""
"src_data_scenarioContent_js.169.type.482","src/data/scenarioContent.js","169","type","PORT_INFO",""
"src_data_scenarioContent_js.169.label.483","src/data/scenarioContent.js","169","label","Lectura",""
"src_data_scenarioContent_js.174.label.484","src/data/scenarioContent.js","174","label","Análisis",""
"src_data_scenarioContent_js.176.description.485","src/data/scenarioContent.js","176","description","El pomo de la llave coincide con el cierre exterior de la taquilla, pero el mecanismo de rotacion no encaja completamente.",""
"src_data_scenarioContent_js.186.label.486","src/data/scenarioContent.js","186","label","Horquilla reforzada",""
"src_data_scenarioContent_js.194.type.487","src/data/scenarioContent.js","194","type","PORT_INFO",""
"src_data_scenarioContent_js.194.label.488","src/data/scenarioContent.js","194","label","Lectura",""
"src_data_scenarioContent_js.199.label.489","src/data/scenarioContent.js","199","label","Análisis",""
"src_data_scenarioContent_js.201.description.490","src/data/scenarioContent.js","201","description","La forma de la horquilla calza perfectamente en el interior del mecanismo de la taquilla. Falta la pieza exterior para completar el cierre.",""
"src_data_scenarioContent_js.212.label.491","src/data/scenarioContent.js","212","label","Modulo de sincronizacion",""
"src_data_scenarioContent_js.214.content.492","src/data/scenarioContent.js","214","content","Modulo nacido de la fusion de la taquilla. El panel lo necesita para activar la salida.",""
"src_data_scenarioContent_js.218.label.493","src/data/scenarioContent.js","218","label","Nota del mecanismo",""
"src_data_scenarioContent_js.220.content.494","src/data/scenarioContent.js","220","content","El panel no abre con el codigo solo. Primero debe reconocer el modulo.",""
"src_data_scenarioContent_js.224.label.495","src/data/scenarioContent.js","224","label","Pista incompleta del codigo",""
"src_data_scenarioContent_js.226.content.496","src/data/scenarioContent.js","226","content","Primer digito: numero de balones correctos.",""
"src_data_scenarioContent_js.232.label.497","src/data/scenarioContent.js","232","label","Etiqueta de inventario",""
"src_data_scenarioContent_js.234.content.498","src/data/scenarioContent.js","234","content","No todo lo que ves es real. Si se repite, desconfia.",""
"src_data_scenarioContent_js.240.label.499","src/data/scenarioContent.js","240","label","Llave de taquilla",""
"src_data_scenarioContent_js.242.content.500","src/data/scenarioContent.js","242","content","Llave industrial con un pomo de forma especifica. Encaja en el cierre exterior de la taquilla, pero algo falta para que funcione.",""
"src_data_scenarioContent_js.250.label.501","src/data/scenarioContent.js","250","label","Modulo de sincronizacion",""
"src_data_scenarioContent_js.252.content.502","src/data/scenarioContent.js","252","content","Modulo nacido de la fusion de la taquilla. El panel lo necesita para activar la salida.",""
"src_data_scenarioContent_js.258.label.503","src/data/scenarioContent.js","258","label","Fragmento de codigo",""
"src_data_scenarioContent_js.260.content.504","src/data/scenarioContent.js","260","content","Dos cifras aparecen claras. Las otras parecen haber sido escritas en otra capa.",""
"src_data_scenarioContent_js.266.label.505","src/data/scenarioContent.js","266","label","Horquilla reforzada",""
"src_data_scenarioContent_js.268.content.506","src/data/scenarioContent.js","268","content","Horquilla metalica reforzada. No es de uso personal: su forma coincide con el mecanismo interior de la taquilla.",""
"src_data_scenarioContent_js.277.pizarra.507","src/data/scenarioContent.js","277","pizarra","El plan para robar el examen aparece incompleto. Conviene compararlo con lo que ven otros.",""
"src_data_scenarioContent_js.278.taquillas.508","src/data/scenarioContent.js","278","taquillas","La taquilla no cede: A muestra un cierre claro y B sugiere una pieza mecanica que no encaja. Necesita fusion.",""
"src_data_scenarioContent_js.279.caja.509","src/data/scenarioContent.js","279","caja","La caja introduce una regla: repetir informacion no la vuelve verdadera.",""
"src_data_scenarioContent_js.280.balones.510","src/data/scenarioContent.js","280","balones","Los balones no mantienen la misma cantidad ni posicion cuando se comparan versiones.",""
"src_data_scenarioContent_js.281.panel_salida.511","src/data/scenarioContent.js","281","panel_salida","El panel combina codigo numerico y cierre fisico. Ninguna mitad basta por si sola.",""
"src_data_scenarioContent_js.289.hotspot_1.512","src/data/scenarioContent.js","289","hotspot_1","Sin contenido. Escenario pendiente.",""
"src_data_scenarioContent_js.290.hotspot_2.513","src/data/scenarioContent.js","290","hotspot_2","Sin contenido. Escenario pendiente.",""
"src_data_scenarioContent_js.291.hotspot_3.514","src/data/scenarioContent.js","291","hotspot_3","Sin contenido. Escenario pendiente.",""
"src_data_scenarioContent_js.382.LogicalExpression.515","src/data/scenarioContent.js","382","LogicalExpression","Analisis",""
"src_data_scenarioContent_js.449.ArrayExpression.516","src/data/scenarioContent.js","449","ArrayExpression","Comando recibido.",""
"src_data_scenarioContent_js.449.ArrayExpression.517","src/data/scenarioContent.js","449","ArrayExpression","Este dispositivo no tiene logica especifica definida.",""
"src_data_scenarioContent_js.456.ArrayExpression.518","src/data/scenarioContent.js","456","ArrayExpression","Diagnostico completado.",""
"src_data_scenarioContent_js.468.template.519","src/data/scenarioContent.js","468","template","gameState/hotspotStates/${...}",""
"src_data_scenarioContent_js.472.template.520","src/data/scenarioContent.js","472","template","gameState/hotspotStates/${...}",""
"src_data_scenarioContent_js.477.ArrayExpression.521","src/data/scenarioContent.js","477","ArrayExpression","Salida desbloqueada.",""
"src_data_scenarioContent_js.477.ArrayExpression.522","src/data/scenarioContent.js","477","ArrayExpression","El panel fusionado acepta el codigo y abre la puerta.",""
"src_data_scenarioContent_js.482.ArrayExpression.523","src/data/scenarioContent.js","482","ArrayExpression","Salida denegada.",""
"src_data_scenarioContent_js.482.ArrayExpression.524","src/data/scenarioContent.js","482","ArrayExpression","Falta modulo, fusion del panel o codigo correcto.",""
"src_data_scenarioContent_js.488.ArrayExpression.525","src/data/scenarioContent.js","488","ArrayExpression","Comando sin efecto en este escenario.",""
"src_data_scenarioContent_js.634.template.526","src/data/scenarioContent.js","634","template","${...} usa ${...} sobre ${...}. La informacion queda registrada.",""
"src_data_scenarioContent_js.635.feedback.527","src/data/scenarioContent.js","635","feedback","Accion registrada. Comparadla con las otras perspectivas.",""
"src_data_scenarioContent_js.641.AssignmentExpression.528","src/data/scenarioContent.js","641","AssignmentExpression","La taquilla fusionada ya esta abierta. Su contenido puede revisarse sin forzar nada mas.",""
"src_data_scenarioContent_js.642.AssignmentExpression.529","src/data/scenarioContent.js","642","AssignmentExpression","La taquilla permanece abierta tras la fusion.",""
"src_data_scenarioContent_js.648.AssignmentExpression.530","src/data/scenarioContent.js","648","AssignmentExpression","La llave gira por fin: la taquilla fusionada se abre y deja ver el modulo de sincronizacion.",""
"src_data_scenarioContent_js.649.AssignmentExpression.531","src/data/scenarioContent.js","649","AssignmentExpression","La llave abre la taquilla fusionada y deja disponible el modulo de sincronizacion.",""
"src_data_scenarioContent_js.651.AssignmentExpression.532","src/data/scenarioContent.js","651","AssignmentExpression","La fusion ya esta hecha. Ahora hace falta usar la llave sobre la taquilla para abrir el cierre.",""
"src_data_scenarioContent_js.652.AssignmentExpression.533","src/data/scenarioContent.js","652","AssignmentExpression","La taquilla fusionada espera la llave.",""
"src_data_scenarioContent_js.654.AssignmentExpression.534","src/data/scenarioContent.js","654","AssignmentExpression","La taquilla acaba de estabilizarse en este pulso. Necesita una nueva interaccion para abrirse.",""
"src_data_scenarioContent_js.655.AssignmentExpression.535","src/data/scenarioContent.js","655","AssignmentExpression","La taquilla queda fusionada, pendiente de apertura.",""
"src_data_scenarioContent_js.664.conditional.536","src/data/scenarioContent.js","664","conditional","La llave encaja en la guia exterior, pero el mecanismo interior no responde. La anomalia temporal lo hace imposible por separado.",""
"src_data_scenarioContent_js.665.conditional.537","src/data/scenarioContent.js","665","conditional","La horquilla calza en el mecanismo interior, pero sin la carcasa exterior el cierre no cede. Algo falta en esta realidad.",""
"src_data_scenarioContent_js.667.conditional.538","src/data/scenarioContent.js","667","conditional","La llave activa una reaccion anomala: chispas verdes y rosas aparecen en la taquilla.",""
"src_data_scenarioContent_js.668.conditional.539","src/data/scenarioContent.js","668","conditional","La horquilla detecta la anomalia temporal: chispas verdes y rosas aparecen en la taquilla.",""
"src_data_scenarioContent_js.670.AssignmentExpression.540","src/data/scenarioContent.js","670","AssignmentExpression","La taquilla no se fusiona desde el pulso. Activad la fusion desde el terminal movil de la taquilla.",""
"src_data_scenarioContent_js.671.AssignmentExpression.541","src/data/scenarioContent.js","671","AssignmentExpression","La taquilla sigue bloqueada: la fusion debe activarse desde el movil.",""
"src_data_scenarioContent_js.684.template.542","src/data/scenarioContent.js","684","template","contradiction_locker_mechanism_${...}",""
"src_data_scenarioContent_js.687.template.543","src/data/scenarioContent.js","687","template","La taquilla confirma una contradiccion: A muestra el bloqueo, B muestra la logica mecanica. La resonancia aumenta.",""
"src_data_scenarioContent_js.688.template.544","src/data/scenarioContent.js","688","template","La contradiccion de la taquilla ya esta detectada. Aun necesita un pulso con resonancia suficiente.",""
"src_data_scenarioContent_js.690.conditional.545","src/data/scenarioContent.js","690","conditional","El grupo detecta una contradiccion resonante en la taquilla.",""
"src_data_scenarioContent_js.691.conditional.546","src/data/scenarioContent.js","691","conditional","La taquilla sigue bloqueada hasta que se produzca una fusion.",""
"src_data_scenarioContent_js.693.template.547","src/data/scenarioContent.js","693","template","La taquilla ya esta analizada. Carga excedente convertida en resonancia (+${...}).",""
"src_data_scenarioContent_js.694.template.548","src/data/scenarioContent.js","694","template","${...} genera resonancia con carga excedente en la taquilla.",""
"src_data_scenarioContent_js.697.template.549","src/data/scenarioContent.js","697","template","Carga acumulada: ${...}/${...}. Faltan ${...} puntos mas para desbloquear el analisis.",""
"src_data_scenarioContent_js.698.template.550","src/data/scenarioContent.js","698","template","${...} acumula carga en la taquilla (${...}/${...}).",""
"src_data_scenarioContent_js.701.AssignmentExpression.551","src/data/scenarioContent.js","701","AssignmentExpression","La taquilla no responde a esta accion. Primero conviene inspeccionarla o estabilizar su fusion.",""
"src_data_scenarioContent_js.702.AssignmentExpression.552","src/data/scenarioContent.js","702","AssignmentExpression","La taquilla sigue bloqueada.",""
"src_data_scenarioContent_js.716.template.553","src/data/scenarioContent.js","716","template","inspection_llave_taquilla_${...}",""
"src_data_scenarioContent_js.718.conditional.554","src/data/scenarioContent.js","718","conditional","La llave industrial revela su proposito: su pomo encaja en el cierre exterior de la taquilla, aunque algo falta para que funcione.",""
"src_data_scenarioContent_js.719.conditional.555","src/data/scenarioContent.js","719","conditional","La llave ya habia sido analizada. El mecanismo incompleto sigue esperando.",""
"src_data_scenarioContent_js.721.conditional.556","src/data/scenarioContent.js","721","conditional","El equipo analiza la llave industrial y detecta su conexion con la taquilla.",""
"src_data_scenarioContent_js.722.conditional.557","src/data/scenarioContent.js","722","conditional","La llave ya fue analizada. Sigue siendo util.",""
"src_data_scenarioContent_js.724.template.558","src/data/scenarioContent.js","724","template","La llave ya esta analizada. Carga excedente convertida en resonancia (+${...}).",""
"src_data_scenarioContent_js.725.template.559","src/data/scenarioContent.js","725","template","${...} genera resonancia con carga excedente en la llave.",""
"src_data_scenarioContent_js.727.template.560","src/data/scenarioContent.js","727","template","Carga acumulada: ${...}/${...}. Necesitas mas nodos de datos para analizar la llave.",""
"src_data_scenarioContent_js.728.template.561","src/data/scenarioContent.js","728","template","${...} acumula carga en la llave (${...}/${...}).",""
"src_data_scenarioContent_js.731.AssignmentExpression.562","src/data/scenarioContent.js","731","AssignmentExpression","La llave necesita un objetivo. Prueba a usarla sobre la taquilla con una accion de interaccion.",""
"src_data_scenarioContent_js.732.template.563","src/data/scenarioContent.js","732","template","${...} examina la llave sin objetivo claro.",""
"src_data_scenarioContent_js.746.template.564","src/data/scenarioContent.js","746","template","inspection_horquilla_${...}",""
"src_data_scenarioContent_js.748.conditional.565","src/data/scenarioContent.js","748","conditional","La horquilla reforzada calza perfectamente en el mecanismo interior de la taquilla. Falta la pieza exterior para completar el cierre.",""
"src_data_scenarioContent_js.749.conditional.566","src/data/scenarioContent.js","749","conditional","La horquilla ya habia sido analizada. Sigue siendo la clave del mecanismo interior.",""
"src_data_scenarioContent_js.751.conditional.567","src/data/scenarioContent.js","751","conditional","El equipo analiza la horquilla y detecta su conexion con el mecanismo interior de la taquilla.",""
"src_data_scenarioContent_js.752.conditional.568","src/data/scenarioContent.js","752","conditional","La horquilla ya fue analizada. Sigue siendo util.",""
"src_data_scenarioContent_js.754.template.569","src/data/scenarioContent.js","754","template","La horquilla ya esta analizada. Carga excedente convertida en resonancia (+${...}).",""
"src_data_scenarioContent_js.755.template.570","src/data/scenarioContent.js","755","template","${...} genera resonancia con carga excedente en la horquilla.",""
"src_data_scenarioContent_js.757.template.571","src/data/scenarioContent.js","757","template","Carga acumulada: ${...}/${...}. Necesitas mas nodos de datos para analizar la horquilla.",""
"src_data_scenarioContent_js.758.template.572","src/data/scenarioContent.js","758","template","${...} acumula carga en la horquilla (${...}/${...}).",""
"src_data_scenarioContent_js.761.AssignmentExpression.573","src/data/scenarioContent.js","761","AssignmentExpression","La horquilla necesita un objetivo. Prueba a usarla sobre la taquilla con una accion de interaccion.",""
"src_data_scenarioContent_js.762.template.574","src/data/scenarioContent.js","762","template","${...} examina la horquilla sin objetivo claro.",""
"src_data_scenarioContent_js.768.AssignmentExpression.575","src/data/scenarioContent.js","768","AssignmentExpression","La pizarra contiene una parte fiable del codigo, pero hay un paso que parece desplazado.",""
"src_data_scenarioContent_js.769.AssignmentExpression.576","src/data/scenarioContent.js","769","AssignmentExpression","El grupo extrae una regla parcial de la pizarra.",""
"src_data_scenarioContent_js.773.template.577","src/data/scenarioContent.js","773","template","contradiction_box_duplicate_${...}",""
"src_data_scenarioContent_js.776.conditional.578","src/data/scenarioContent.js","776","conditional","La caja confirma una contradiccion: un duplicado puede ser falso aunque parezca identico. La resonancia aumenta.",""
"src_data_scenarioContent_js.777.conditional.579","src/data/scenarioContent.js","777","conditional","La caja ya habia revelado su contradiccion. La regla sigue siendo util, pero no genera mas resonancia.",""
"src_data_scenarioContent_js.779.conditional.580","src/data/scenarioContent.js","779","conditional","El grupo detecta una contradiccion resonante en la caja.",""
"src_data_scenarioContent_js.780.conditional.581","src/data/scenarioContent.js","780","conditional","El grupo revisa una contradiccion ya registrada en la caja.",""
"src_data_scenarioContent_js.784.template.582","src/data/scenarioContent.js","784","template","contradiction_balls_count_${...}",""
"src_data_scenarioContent_js.787.conditional.583","src/data/scenarioContent.js","787","conditional","Los balones dejan de cuadrar entre realidades. La contradiccion genera resonancia.",""
"src_data_scenarioContent_js.788.conditional.584","src/data/scenarioContent.js","788","conditional","La contradiccion de los balones ya esta registrada. El conteo sigue siendo una pista para el codigo.",""
"src_data_scenarioContent_js.790.conditional.585","src/data/scenarioContent.js","790","conditional","El grupo detecta una contradiccion resonante en los balones.",""
"src_data_scenarioContent_js.791.conditional.586","src/data/scenarioContent.js","791","conditional","Los balones confirman una contradiccion ya detectada.",""
"src_data_scenarioContent_js.799.AssignmentExpression.587","src/data/scenarioContent.js","799","AssignmentExpression","El panel fusionado acepta el codigo reconstruido. La puerta ya puede abrirse.",""
"src_data_scenarioContent_js.800.AssignmentExpression.588","src/data/scenarioContent.js","800","AssignmentExpression","El grupo introduce el codigo reconstruido y el panel queda validado.",""
"src_data_scenarioContent_js.803.AssignmentExpression.589","src/data/scenarioContent.js","803","AssignmentExpression","El codigo empieza a reconstruirse, pero el panel aun necesita el modulo para activarse.",""
"src_data_scenarioContent_js.804.AssignmentExpression.590","src/data/scenarioContent.js","804","AssignmentExpression","El grupo obtiene parte del codigo del panel.",""
"src_data_scenarioContent_js.816.AssignmentExpression.591","src/data/scenarioContent.js","816","AssignmentExpression","El modulo encaja en el panel. El panel se fusiona y queda activo para introducir el codigo.",""
"src_data_scenarioContent_js.817.AssignmentExpression.592","src/data/scenarioContent.js","817","AssignmentExpression","El grupo coloca el modulo y activa la fusion del panel.",""
"src_data_scenarioContent_js.819.AssignmentExpression.593","src/data/scenarioContent.js","819","AssignmentExpression","El panel sigue bloqueado. Primero hay que abrir la taquilla fusionada y obtener el modulo.",""
"src_data_scenarioContent_js.820.AssignmentExpression.594","src/data/scenarioContent.js","820","AssignmentExpression","El panel rechaza la manipulacion porque falta el modulo.",""
"src_data_scenarioData_js.30.template.595","src/data/scenarioData.js","30","template","${...} 2048w, ${...} 3072w",""
"src_data_scenarioData_js.33.template.596","src/data/scenarioData.js","33","template","${...} 2048w, ${...} 3072w",""
"src_data_scenarioData_js.40.type.597","src/data/scenarioData.js","40","type","image/avif",""
"src_data_scenarioData_js.41.type.598","src/data/scenarioData.js","41","type","image/webp",""
"src_data_scenarioData_js.43.sizes.599","src/data/scenarioData.js","43","sizes","(min-width: 1400px) 1400px, 100vw",""
"src_data_scenarioData_js.66.label.600","src/data/scenarioData.js","66","label","Almacen",""
"src_data_scenarioData_js.67.description.601","src/data/scenarioData.js","67","description","Primer nivel: almacen del gimnasio fragmentado en realidades paralelas.",""
"src_data_scenarioData_js.69.label.602","src/data/scenarioData.js","69","label","Almacen A",""
"src_data_scenarioData_js.70.label.603","src/data/scenarioData.js","70","label","Almacen B",""
"src_data_scenarioData_js.71.label.604","src/data/scenarioData.js","71","label","Almacen C",""
"src_data_scenarioData_js.72.label.605","src/data/scenarioData.js","72","label","Almacen D",""
"src_data_scenarioData_js.77.label.606","src/data/scenarioData.js","77","label","Sandbox",""
"src_data_scenarioData_js.78.description.607","src/data/scenarioData.js","78","description","Escenario de desarrollo. Sin contenido narrativo.",""
"src_data_scenarioData_js.80.label.608","src/data/scenarioData.js","80","label","Sandbox A",""
"src_data_scenarioData_js.81.label.609","src/data/scenarioData.js","81","label","Sandbox B",""
"src_data_scenarioData_js.82.label.610","src/data/scenarioData.js","82","label","Sandbox C",""
"src_data_scenarioData_js.83.label.611","src/data/scenarioData.js","83","label","Sandbox D",""
"src_data_scenarioData_js.108.template.612","src/data/scenarioData.js","108","template","Variante ${...}",""
"src_presentation_actionQueuePresentation_js.8.label.613","src/presentation/actionQueuePresentation.js","8","label","Revelación",""
"src_presentation_actionQueuePresentation_js.9.label.614","src/presentation/actionQueuePresentation.js","9","label","Alteración",""
"src_presentation_actionQueuePresentation_js.12.label.615","src/presentation/actionQueuePresentation.js","12","label","Acceso",""
"src_presentation_actionQueuePresentation_js.13.label.616","src/presentation/actionQueuePresentation.js","13","label","Contenedor",""
"src_presentation_actionQueuePresentation_js.14.label.617","src/presentation/actionQueuePresentation.js","14","label","Dispositivo",""
"src_presentation_actionQueuePresentation_js.15.label.618","src/presentation/actionQueuePresentation.js","15","label","Informacion",""
"src_presentation_actionQueuePresentation_js.16.label.619","src/presentation/actionQueuePresentation.js","16","label","Sensor",""
"src_presentation_actionQueuePresentation_js.17.label.620","src/presentation/actionQueuePresentation.js","17","label","Objeto",""
"src_presentation_actionQueuePresentation_js.20.label.621","src/presentation/actionQueuePresentation.js","20","label","En cola",""
"src_presentation_actionQueuePresentation_js.20.icon.622","src/presentation/actionQueuePresentation.js","20","icon","Q",""
"src_presentation_actionQueuePresentation_js.21.label.623","src/presentation/actionQueuePresentation.js","21","label","Ejecutando",""
"src_presentation_actionQueuePresentation_js.21.icon.624","src/presentation/actionQueuePresentation.js","21","icon","X",""
"src_presentation_actionQueuePresentation_js.22.label.625","src/presentation/actionQueuePresentation.js","22","label","Resuelta",""
"src_presentation_actionQueuePresentation_js.22.icon.626","src/presentation/actionQueuePresentation.js","22","icon","R",""
"src_presentation_actionQueuePresentation_js.27.empollon_accion_inspeccion.627","src/presentation/actionQueuePresentation.js","27","empollon_accion_inspeccion","Inspeccionar una zona para obtener resonancia de anomalia.",""
"src_presentation_actionQueuePresentation_js.28.empollon_accion_interaccion.628","src/presentation/actionQueuePresentation.js","28","empollon_accion_interaccion","Manipula un objeto para intentar arreglarlo o resolverlo.",""
"src_presentation_actionQueuePresentation_js.29.manitas_accion_inspeccion.629","src/presentation/actionQueuePresentation.js","29","manitas_accion_inspeccion","Inspeccionar una zona para obtener resonancia de anomalia.",""
"src_presentation_actionQueuePresentation_js.30.manitas_accion_interaccion.630","src/presentation/actionQueuePresentation.js","30","manitas_accion_interaccion","Manipula un objeto para intentar arreglarlo o resolverlo.",""
"src_presentation_actionQueuePresentation_js.31.guaperas_accion_inspeccion.631","src/presentation/actionQueuePresentation.js","31","guaperas_accion_inspeccion","Inspeccionar una zona para obtener resonancia de anomalia.",""
"src_presentation_actionQueuePresentation_js.32.guaperas_accion_interaccion.632","src/presentation/actionQueuePresentation.js","32","guaperas_accion_interaccion","Manipula un objeto para intentar arreglarlo o resolverlo.",""
"src_presentation_actionQueuePresentation_js.33.mistica_accion_inspeccion.633","src/presentation/actionQueuePresentation.js","33","mistica_accion_inspeccion","Inspeccionar una zona para obtener resonancia de anomalia.",""
"src_presentation_actionQueuePresentation_js.34.mistica_accion_interaccion.634","src/presentation/actionQueuePresentation.js","34","mistica_accion_interaccion","Manipula un objeto para intentar arreglarlo o resolverlo.",""
"src_presentation_actionQueuePresentation_js.78.return.635","src/presentation/actionQueuePresentation.js","78","return","Accion",""
"src_presentation_actionQueuePresentation_js.92.LogicalExpression.636","src/presentation/actionQueuePresentation.js","92","LogicalExpression","Ejecuta una accion narrativa sobre el objeto elegido.",""
"src_presentation_actionQueuePresentation_js.120.LogicalExpression.637","src/presentation/actionQueuePresentation.js","120","LogicalExpression","Jugador",""
"src_presentation_actionQueuePresentation_js.125.template.638","src/presentation/actionQueuePresentation.js","125","template","${...} sobre ${...}",""
"src_presentation_pulsePresentation_js.19.label.639","src/presentation/pulsePresentation.js","19","label","Proximo pulso no programado",""
"src_presentation_pulsePresentation_js.34.label.640","src/presentation/pulsePresentation.js","34","label","Proximo pulso",""
"src_presentation_pulsePresentation_js.68.label.641","src/presentation/pulsePresentation.js","68","label","Aviso de pulso",""
"src_presentation_pulsePresentation_js.76.label.642","src/presentation/pulsePresentation.js","76","label","Ejecucion",""
"src_presentation_pulsePresentation_js.83.label.643","src/presentation/pulsePresentation.js","83","label","Pulso",""
"src_screens_AccessScreen_jsx.16.call_argument.644","src/screens/AccessScreen.jsx","16","call_argument","Esperando código...",""
"src_screens_AccessScreen_jsx.17.call_argument.645","src/screens/AccessScreen.jsx","17","call_argument","Acceso GM pendiente.",""
"src_screens_AccessScreen_jsx.25.call_argument.646","src/screens/AccessScreen.jsx","25","call_argument","Introduce los 6 dígitos del código.",""
"src_screens_AccessScreen_jsx.30.call_argument.647","src/screens/AccessScreen.jsx","30","call_argument","Comprobando código...",""
"src_screens_AccessScreen_jsx.37.call_argument.648","src/screens/AccessScreen.jsx","37","call_argument","El GM todavía no ha iniciado una partida con código.",""
"src_screens_AccessScreen_jsx.45.call_argument.649","src/screens/AccessScreen.jsx","45","call_argument","Código incorrecto.",""
"src_screens_AccessScreen_jsx.52.call_argument.650","src/screens/AccessScreen.jsx","52","call_argument","No se pudo comprobar Firebase. Reintenta en unos segundos.",""
"src_screens_AccessScreen_jsx.63.call_argument.651","src/screens/AccessScreen.jsx","63","call_argument","Codigo GM incorrecto.",""
"src_screens_AccessScreen_jsx.68.call_argument.652","src/screens/AccessScreen.jsx","68","call_argument","Acceso GM autorizado.",""
"src_screens_AccessScreen_jsx.76.jsx_text.653","src/screens/AccessScreen.jsx","76","jsx_text","Acceso restringido",""
"src_screens_AccessScreen_jsx.77.jsx_text.654","src/screens/AccessScreen.jsx","77","jsx_text","Código de sesión",""
"src_screens_AccessScreen_jsx.78.jsx_text.655","src/screens/AccessScreen.jsx","78","jsx_text","Introduce el código de 6 dígitos generado por el Game Master para acceder a la selección de perfil.",""
"src_screens_AccessScreen_jsx.82.jsx_text.656","src/screens/AccessScreen.jsx","82","jsx_text","Código",""
"src_screens_AccessScreen_jsx.91.conditional.657","src/screens/AccessScreen.jsx","91","conditional","Comprobando",""
"src_screens_AccessScreen_jsx.91.conditional.658","src/screens/AccessScreen.jsx","91","conditional","Entrar",""
"src_screens_AccessScreen_jsx.95.jsx_text.659","src/screens/AccessScreen.jsx","95","jsx_text","Codigo Game Master",""
"src_screens_AccessScreen_jsx.99.jsx_attribute.660","src/screens/AccessScreen.jsx","99","jsx_attribute","codigo GM",""
"src_screens_AccessScreen_jsx.103.jsx_text.661","src/screens/AccessScreen.jsx","103","jsx_text","Entrar como GM",""
"src_screens_DeviceScreen_jsx.28.return.662","src/screens/DeviceScreen.jsx","28","return","Inspeccion",""
"src_screens_DeviceScreen_jsx.29.return.663","src/screens/DeviceScreen.jsx","29","return","Interaccion",""
"src_screens_DeviceScreen_jsx.30.return.664","src/screens/DeviceScreen.jsx","30","return","Accion",""
"src_screens_DeviceScreen_jsx.44.call_argument.665","src/screens/DeviceScreen.jsx","44","call_argument","gameState",""
"src_screens_DeviceScreen_jsx.45.call_argument.666","src/screens/DeviceScreen.jsx","45","call_argument","pulseState",""
"src_screens_DeviceScreen_jsx.46.call_argument.667","src/screens/DeviceScreen.jsx","46","call_argument","queuedActions",""
"src_screens_DeviceScreen_jsx.47.template.668","src/screens/DeviceScreen.jsx","47","template","playerBoards/${...}",""
"src_screens_DeviceScreen_jsx.48.call_argument.669","src/screens/DeviceScreen.jsx","48","call_argument","hotspotOverrides",""
"src_screens_DeviceScreen_jsx.49.call_argument.670","src/screens/DeviceScreen.jsx","49","call_argument","fusionSession",""
"src_screens_DeviceScreen_jsx.96.call_argument.671","src/screens/DeviceScreen.jsx","96","call_argument","No se pudo conectar. Comprueba la red.",""
"src_screens_DeviceScreen_jsx.107.call_argument.672","src/screens/DeviceScreen.jsx","107","call_argument","El codigo debe tener 6 digitos.",""
"src_screens_DeviceScreen_jsx.117.call_argument.673","src/screens/DeviceScreen.jsx","117","call_argument","Codigo incorrecto.",""
"src_screens_DeviceScreen_jsx.124.call_argument.674","src/screens/DeviceScreen.jsx","124","call_argument","No se pudo verificar. Reintenta.",""
"src_screens_DeviceScreen_jsx.138.call_argument.675","src/screens/DeviceScreen.jsx","138","call_argument","La sesion ha finalizado.",""
"src_screens_DeviceScreen_jsx.195.BinaryExpression.676","src/screens/DeviceScreen.jsx","195","BinaryExpression","PORT_MECH",""
"src_screens_DeviceScreen_jsx.201.call_argument.677","src/screens/DeviceScreen.jsx","201","call_argument","Sin resonancia. Recoge bolas de resonancia en la pantalla del jugador.",""
"src_screens_DeviceScreen_jsx.215.call_argument.678","src/screens/DeviceScreen.jsx","215","call_argument","Error al conectarse al puerto. Reintenta.",""
"src_screens_DeviceScreen_jsx.224.call_argument.679","src/screens/DeviceScreen.jsx","224","call_argument","Fusion ya iniciada. Sincroniza tu variante.",""
"src_screens_DeviceScreen_jsx.229.template.680","src/screens/DeviceScreen.jsx","229","template","La taquilla necesita fusion antes de abrirse. Resonancia necesaria: ${...}.",""
"src_screens_DeviceScreen_jsx.234.call_argument.681","src/screens/DeviceScreen.jsx","234","call_argument","Activando fusion de taquillas...",""
"src_screens_DeviceScreen_jsx.237.call_argument.682","src/screens/DeviceScreen.jsx","237","call_argument","fusionSession",""
"src_screens_DeviceScreen_jsx.238.template.683","src/screens/DeviceScreen.jsx","238","template","player-fusion-${...}",""
"src_screens_DeviceScreen_jsx.250.call_argument.684","src/screens/DeviceScreen.jsx","250","call_argument","Fusion activada. Sincroniza esta realidad con la otra variante.",""
"src_screens_DeviceScreen_jsx.252.call_argument.685","src/screens/DeviceScreen.jsx","252","call_argument","No se pudo activar la fusion. Reintenta.",""
"src_screens_DeviceScreen_jsx.262.call_argument.686","src/screens/DeviceScreen.jsx","262","call_argument","Conexion fallida. La resonancia fue consumida.",""
"src_screens_DeviceScreen_jsx.269.BinaryExpression.687","src/screens/DeviceScreen.jsx","269","BinaryExpression","PORT_INFO",""
"src_screens_DeviceScreen_jsx.287.template.688","src/screens/DeviceScreen.jsx","287","template","Chip creado. Carga: ${...}. ${...}. El pulso resolvera la accion.",""
"src_screens_DeviceScreen_jsx.290.call_argument.689","src/screens/DeviceScreen.jsx","290","call_argument","No se pudo encolar. Reintenta.",""
"src_screens_DeviceScreen_jsx.306.jsx_attribute.690","src/screens/DeviceScreen.jsx","306","jsx_attribute","Verificando...",""
"src_screens_DeviceScreen_jsx.307.jsx_text.691","src/screens/DeviceScreen.jsx","307","jsx_text","Verificando sesion...",""
"src_screens_DeviceScreen_jsx.316.jsx_text.692","src/screens/DeviceScreen.jsx","316","jsx_text","E2",""
"src_screens_DeviceScreen_jsx.317.jsx_text.693","src/screens/DeviceScreen.jsx","317","jsx_text","Dispositivo",""
"src_screens_DeviceScreen_jsx.320.jsx_text.694","src/screens/DeviceScreen.jsx","320","jsx_text","Codigo de sesion",""
"src_screens_DeviceScreen_jsx.335.jsx_text.695","src/screens/DeviceScreen.jsx","335","jsx_text","Conectar",""
"src_screens_DeviceScreen_jsx.345.template.696","src/screens/DeviceScreen.jsx","345","template","device-role-badge device-role-badge--${...}",""
"src_screens_DeviceScreen_jsx.350.jsx_text.697","src/screens/DeviceScreen.jsx","350","jsx_text","Realidad",""
"src_screens_DeviceScreen_jsx.365.jsx_text.698","src/screens/DeviceScreen.jsx","365","jsx_text","Conecta START con la salida. Los nodos que toques determinan la carga del chip.",""
"src_screens_DeviceScreen_jsx.372.call_argument.699","src/screens/DeviceScreen.jsx","372","call_argument","Conexion cancelada. La resonancia fue consumida.",""
"src_screens_DeviceScreen_jsx.386.jsx_text.700","src/screens/DeviceScreen.jsx","386","jsx_text","En cola:",""
"src_screens_GMScreen_jsx.48.return.701","src/screens/GMScreen.jsx","48","return","Sin chip registrado.",""
"src_screens_GMScreen_jsx.110.call_argument.702","src/screens/GMScreen.jsx","110","call_argument","Conectando con Firebase...",""
"src_screens_GMScreen_jsx.231.call_argument.703","src/screens/GMScreen.jsx","231","call_argument","hotspotOverrides",""
"src_screens_GMScreen_jsx.233.call_argument.704","src/screens/GMScreen.jsx","233","call_argument","Hotspots locales publicados para jugadores.",""
"src_screens_GMScreen_jsx.238.call_argument.705","src/screens/GMScreen.jsx","238","call_argument","No se pudieron publicar los hotspots locales.",""
"src_screens_GMScreen_jsx.255.BinaryExpression.706","src/screens/GMScreen.jsx","255","BinaryExpression","anomalyP1",""
"src_screens_GMScreen_jsx.257.call_argument.707","src/screens/GMScreen.jsx","257","call_argument","anomalyP2",""
"src_screens_GMScreen_jsx.258.BinaryExpression.708","src/screens/GMScreen.jsx","258","BinaryExpression","anomalyP2",""
"src_screens_GMScreen_jsx.393.conditional.709","src/screens/GMScreen.jsx","393","conditional","P1 — esquina superior izq.",""
"src_screens_GMScreen_jsx.394.conditional.710","src/screens/GMScreen.jsx","394","conditional","P2 — esquina inferior der.",""
"src_screens_GMScreen_jsx.395.conditional.711","src/screens/GMScreen.jsx","395","conditional","Clic para añadir vértice",""
"src_screens_GMScreen_jsx.396.conditional.712","src/screens/GMScreen.jsx","396","conditional","Clic para colocar ventana",""
"src_screens_GMScreen_jsx.397.conditional.713","src/screens/GMScreen.jsx","397","conditional","Clic para colocar detalle",""
"src_screens_GMScreen_jsx.398.BinaryExpression.714","src/screens/GMScreen.jsx","398","BinaryExpression","anomalyP1",""
"src_screens_GMScreen_jsx.398.conditional.715","src/screens/GMScreen.jsx","398","conditional","P1 — caja anomalia",""
"src_screens_GMScreen_jsx.399.BinaryExpression.716","src/screens/GMScreen.jsx","399","BinaryExpression","anomalyP2",""
"src_screens_GMScreen_jsx.399.conditional.717","src/screens/GMScreen.jsx","399","conditional","P2 — caja anomalia",""
"src_screens_GMScreen_jsx.444.template.718","src/screens/GMScreen.jsx","444","template","hotspotOverrides/${...}",""
"src_screens_GMScreen_jsx.451.template.719","src/screens/GMScreen.jsx","451","template","Hotspot guardado para ${...} ${...}.",""
"src_screens_GMScreen_jsx.457.call_argument.720","src/screens/GMScreen.jsx","457","call_argument","No se pudo publicar el hotspot.",""
"src_screens_GMScreen_jsx.471.template.721","src/screens/GMScreen.jsx","471","template","hotspotOverrides/${...}",""
"src_screens_GMScreen_jsx.472.template.722","src/screens/GMScreen.jsx","472","template","Hotspot reseteado para ${...} ${...}.",""
"src_screens_GMScreen_jsx.475.call_argument.723","src/screens/GMScreen.jsx","475","call_argument","No se pudo resetear el hotspot remoto.",""
"src_screens_GMScreen_jsx.490.template.724","src/screens/GMScreen.jsx","490","template","cardX: ${...}, cardY: ${...}",""
"src_screens_GMScreen_jsx.497.template.725","src/screens/GMScreen.jsx","497","template","discoveryCardX: ${...}, discoveryCardY: ${...}",""
"src_screens_GMScreen_jsx.504.template.726","src/screens/GMScreen.jsx","504","template","anomalyX: ${...}, anomalyY: ${...}, anomalyW: ${...}, anomalyH: ${...}",""
"src_screens_GMScreen_jsx.511.template.727","src/screens/GMScreen.jsx","511","template","x: ${...}, y: ${...}, w: ${...}, h: ${...}",""
"src_screens_GMScreen_jsx.526.call_argument.728","src/screens/GMScreen.jsx","526","call_argument","Sincronizado.",""
"src_screens_GMScreen_jsx.541.call_argument.729","src/screens/GMScreen.jsx","541","call_argument","Sincronizado.",""
"src_screens_GMScreen_jsx.544.call_argument.730","src/screens/GMScreen.jsx","544","call_argument","No se pudo refrescar Firebase.",""
"src_screens_GMScreen_jsx.556.call_argument.731","src/screens/GMScreen.jsx","556","call_argument","No se pudo programar el siguiente pulso.",""
"src_screens_GMScreen_jsx.572.call_argument.732","src/screens/GMScreen.jsx","572","call_argument","Abriendo lobby...",""
"src_screens_GMScreen_jsx.577.call_argument.733","src/screens/GMScreen.jsx","577","call_argument","Lobby abierto. Codigo generado.",""
"src_screens_GMScreen_jsx.579.call_argument.734","src/screens/GMScreen.jsx","579","call_argument","No se pudo abrir el lobby.",""
"src_screens_GMScreen_jsx.587.call_argument.735","src/screens/GMScreen.jsx","587","call_argument","Reseteando...",""
"src_screens_GMScreen_jsx.592.call_argument.736","src/screens/GMScreen.jsx","592","call_argument","Partida reseteada. Jugadores devueltos al acceso.",""
"src_screens_GMScreen_jsx.594.call_argument.737","src/screens/GMScreen.jsx","594","call_argument","No se pudo resetear.",""
"src_screens_GMScreen_jsx.602.call_argument.738","src/screens/GMScreen.jsx","602","call_argument","Iniciando partida...",""
"src_screens_GMScreen_jsx.607.template.739","src/screens/GMScreen.jsx","607","template","Partida iniciada con ${...} jugador(es) preparado(s).",""
"src_screens_GMScreen_jsx.609.LogicalExpression.740","src/screens/GMScreen.jsx","609","LogicalExpression","No se pudo iniciar la partida.",""
"src_screens_GMScreen_jsx.617.call_argument.741","src/screens/GMScreen.jsx","617","call_argument","Lanzando pulso manual...",""
"src_screens_GMScreen_jsx.622.LogicalExpression.742","src/screens/GMScreen.jsx","622","LogicalExpression","El pulso ha fallado.",""
"src_screens_GMScreen_jsx.631.call_argument.743","src/screens/GMScreen.jsx","631","call_argument","Forzando reset del pulso...",""
"src_screens_GMScreen_jsx.635.call_argument.744","src/screens/GMScreen.jsx","635","call_argument","Pulso reseteado. Estado listo.",""
"src_screens_GMScreen_jsx.637.call_argument.745","src/screens/GMScreen.jsx","637","call_argument","No se pudo resetear el pulso.",""
"src_screens_GMScreen_jsx.645.template.746","src/screens/GMScreen.jsx","645","template","${...}_accion_${...}",""
"src_screens_GMScreen_jsx.655.template.747","src/screens/GMScreen.jsx","655","template","GM:${...}",""
"src_screens_GMScreen_jsx.661.template.748","src/screens/GMScreen.jsx","661","template","queuedActions/${...}",""
"src_screens_GMScreen_jsx.669.template.749","src/screens/GMScreen.jsx","669","template","playerBoards/${...}",""
"src_screens_GMScreen_jsx.670.template.750","src/screens/GMScreen.jsx","670","template","${...}: variante ${...}",""
"src_screens_GMScreen_jsx.673.call_argument.751","src/screens/GMScreen.jsx","673","call_argument","No se pudo cambiar la variante.",""
"src_screens_GMScreen_jsx.679.template.752","src/screens/GMScreen.jsx","679","template","deviceConfig/${...}",""
"src_screens_GMScreen_jsx.680.template.753","src/screens/GMScreen.jsx","680","template","Grafo ${...} → ${...}.",""
"src_screens_GMScreen_jsx.682.call_argument.754","src/screens/GMScreen.jsx","682","call_argument","No se pudo cambiar el grafo.",""
"src_screens_GMScreen_jsx.690.call_argument.755","src/screens/GMScreen.jsx","690","call_argument","fusionSession",""
"src_screens_GMScreen_jsx.700.template.756","src/screens/GMScreen.jsx","700","template","Fusion debug iniciada: ${...}.",""
"src_screens_GMScreen_jsx.703.call_argument.757","src/screens/GMScreen.jsx","703","call_argument","No se pudo iniciar la fusion.",""
"src_screens_GMScreen_jsx.709.call_argument.758","src/screens/GMScreen.jsx","709","call_argument","fusionSession",""
"src_screens_GMScreen_jsx.710.call_argument.759","src/screens/GMScreen.jsx","710","call_argument","Fusion cancelada.",""
"src_screens_GMScreen_jsx.713.call_argument.760","src/screens/GMScreen.jsx","713","call_argument","No se pudo cancelar la fusion.",""
"src_screens_GMScreen_jsx.722.jsx_text.761","src/screens/GMScreen.jsx","722","jsx_text","Panel GM",""
"src_screens_GMScreen_jsx.724.jsx_text.762","src/screens/GMScreen.jsx","724","jsx_text","Control GM",""
"src_screens_GMScreen_jsx.735.jsx_text.763","src/screens/GMScreen.jsx","735","jsx_text","Monitores de jugadores",""
"src_screens_GMScreen_jsx.745.jsx_attribute.764","src/screens/GMScreen.jsx","745","jsx_attribute","Monitores de jugadores",""
"src_screens_GMScreen_jsx.753.conditional.765","src/screens/GMScreen.jsx","753","conditional","Conectado",""
"src_screens_GMScreen_jsx.753.conditional.766","src/screens/GMScreen.jsx","753","conditional","Sin jugador",""
"src_screens_GMScreen_jsx.755.template.767","src/screens/GMScreen.jsx","755","template","Monitor ${...}",""
"src_screens_GMScreen_jsx.766.jsx_text.768","src/screens/GMScreen.jsx","766","jsx_text","Fusion de Realidades · debug",""
"src_screens_GMScreen_jsx.767.jsx_text.769","src/screens/GMScreen.jsx","767","jsx_text","Flujo canonico: los jugadores activan la fusion desde el movil. Este control queda para pruebas.",""
"src_screens_GMScreen_jsx.772.jsx_text.770","src/screens/GMScreen.jsx","772","jsx_text","Objetivo:",""
"src_screens_GMScreen_jsx.773.jsx_text.771","src/screens/GMScreen.jsx","773","jsx_text","Variante A:",""
"src_screens_GMScreen_jsx.774.conditional.772","src/screens/GMScreen.jsx","774","conditional","Lista ✓",""
"src_screens_GMScreen_jsx.774.conditional.773","src/screens/GMScreen.jsx","774","conditional","Esperando...",""
"src_screens_GMScreen_jsx.776.jsx_text.774","src/screens/GMScreen.jsx","776","jsx_text","Variante B:",""
"src_screens_GMScreen_jsx.777.conditional.775","src/screens/GMScreen.jsx","777","conditional","Lista ✓",""
"src_screens_GMScreen_jsx.777.conditional.776","src/screens/GMScreen.jsx","777","conditional","Esperando...",""
"src_screens_GMScreen_jsx.779.jsx_text.777","src/screens/GMScreen.jsx","779","jsx_text","Cancelar Fusion",""
"src_screens_GMScreen_jsx.785.jsx_text.778","src/screens/GMScreen.jsx","785","jsx_text","Fusion completada:",""
"src_screens_GMScreen_jsx.786.jsx_text.779","src/screens/GMScreen.jsx","786","jsx_text","Cerrar estado",""
"src_screens_GMScreen_jsx.797.jsx_text.780","src/screens/GMScreen.jsx","797","jsx_text","Taquillas",""
"src_screens_GMScreen_jsx.804.jsx_text.781","src/screens/GMScreen.jsx","804","jsx_text","Iniciar Fusion debug",""
"src_screens_GMScreen_jsx.818.jsx_text.782","src/screens/GMScreen.jsx","818","jsx_text","Dispositivos de jugadores",""
"src_screens_GMScreen_jsx.834.jsx_attribute.783","src/screens/GMScreen.jsx","834","jsx_attribute","URLs de dispositivos",""
"src_screens_GMScreen_jsx.845.jsx_text.784","src/screens/GMScreen.jsx","845","jsx_text","Realidad",""
"src_screens_GMScreen_jsx.846.jsx_text.785","src/screens/GMScreen.jsx","846","jsx_text","Chip en cola",""
"src_screens_GMScreen_jsx.854.jsx_attribute.786","src/screens/GMScreen.jsx","854","jsx_attribute","Copiar URL",""
"src_screens_GMScreen_jsx.855.jsx_text.787","src/screens/GMScreen.jsx","855","jsx_text","Copiar",""
"src_screens_GMScreen_jsx.863.jsx_text.788","src/screens/GMScreen.jsx","863","jsx_text","Abrir",""
"src_screens_GMScreen_jsx.868.jsx_text.789","src/screens/GMScreen.jsx","868","jsx_text","Chip en cola:",""
"src_screens_GMScreen_jsx.873.jsx_text.790","src/screens/GMScreen.jsx","873","jsx_text","Grafo:",""
"src_screens_GMScreen_jsx.879.jsx_text.791","src/screens/GMScreen.jsx","879","jsx_text","Aleatorio",""
"src_screens_GMScreen_jsx.880.jsx_text.792","src/screens/GMScreen.jsx","880","jsx_text","Inspeccion",""
"src_screens_GMScreen_jsx.881.jsx_text.793","src/screens/GMScreen.jsx","881","jsx_text","Interaccion",""
"src_screens_GMScreen_jsx.899.jsx_text.794","src/screens/GMScreen.jsx","899","jsx_text","Mapa de coordenadas —",""
"src_screens_GMScreen_jsx.916.jsx_text.795","src/screens/GMScreen.jsx","916","jsx_text","(sin imagen)",""
"src_screens_GMScreen_jsx.923.jsx_attribute.796","src/screens/GMScreen.jsx","923","jsx_attribute","Mapa de coordenadas",""
"src_screens_GMScreen_jsx.949.jsx_text.797","src/screens/GMScreen.jsx","949","jsx_text","Hotspot",""
"src_screens_GMScreen_jsx.956.jsx_text.798","src/screens/GMScreen.jsx","956","jsx_text","— seleccionar —",""
"src_screens_GMScreen_jsx.972.jsx_text.799","src/screens/GMScreen.jsx","972","jsx_text","Modo",""
"src_screens_GMScreen_jsx.983.jsx_text.800","src/screens/GMScreen.jsx","983","jsx_text","▣ Rectángulo",""
"src_screens_GMScreen_jsx.990.jsx_text.801","src/screens/GMScreen.jsx","990","jsx_text","⬡ Polígono",""
"src_screens_GMScreen_jsx.997.jsx_text.802","src/screens/GMScreen.jsx","997","jsx_text","▤ Ventana",""
"src_screens_GMScreen_jsx.1004.jsx_text.803","src/screens/GMScreen.jsx","1004","jsx_text","Detalle inspeccion",""
"src_screens_GMScreen_jsx.1016.jsx_text.804","src/screens/GMScreen.jsx","1016","jsx_text","Anomalia pulso",""
"src_screens_GMScreen_jsx.1025.jsx_text.805","src/screens/GMScreen.jsx","1025","jsx_text","Puntos",""
"src_screens_GMScreen_jsx.1032.conditional.806","src/screens/GMScreen.jsx","1032","conditional","● Capturando P1…",""
"src_screens_GMScreen_jsx.1032.template.807","src/screens/GMScreen.jsx","1032","template","P1 (${...}, ${...})",""
"src_screens_GMScreen_jsx.1032.conditional.808","src/screens/GMScreen.jsx","1032","conditional","Clic P1 — sup. izq.",""
"src_screens_GMScreen_jsx.1039.conditional.809","src/screens/GMScreen.jsx","1039","conditional","● Capturando P2…",""
"src_screens_GMScreen_jsx.1039.template.810","src/screens/GMScreen.jsx","1039","template","P2 (${...}, ${...})",""
"src_screens_GMScreen_jsx.1039.conditional.811","src/screens/GMScreen.jsx","1039","conditional","Clic P2 — inf. der.",""
"src_screens_GMScreen_jsx.1048.jsx_text.812","src/screens/GMScreen.jsx","1048","jsx_text","Vértices",""
"src_screens_GMScreen_jsx.1062.template.813","src/screens/GMScreen.jsx","1062","template","● Trazando… (${...} pts)",""
"src_screens_GMScreen_jsx.1062.conditional.814","src/screens/GMScreen.jsx","1062","conditional","Iniciar trazado",""
"src_screens_GMScreen_jsx.1069.jsx_text.815","src/screens/GMScreen.jsx","1069","jsx_text","Cerrar polígono (",""
"src_screens_GMScreen_jsx.1070.jsx_text.816","src/screens/GMScreen.jsx","1070","jsx_text","pts)",""
"src_screens_GMScreen_jsx.1078.jsx_text.817","src/screens/GMScreen.jsx","1078","jsx_text","Borrar puntos",""
"src_screens_GMScreen_jsx.1089.jsx_text.818","src/screens/GMScreen.jsx","1089","jsx_text","Ventana",""
"src_screens_GMScreen_jsx.1097.conditional.819","src/screens/GMScreen.jsx","1097","conditional","● Colocando ventana…",""
"src_screens_GMScreen_jsx.1099.template.820","src/screens/GMScreen.jsx","1099","template","Ventana (${...}, ${...})",""
"src_screens_GMScreen_jsx.1100.conditional.821","src/screens/GMScreen.jsx","1100","conditional","Colocar ventana",""
"src_screens_GMScreen_jsx.1109.jsx_text.822","src/screens/GMScreen.jsx","1109","jsx_text","Auto",""
"src_screens_GMScreen_jsx.1119.jsx_text.823","src/screens/GMScreen.jsx","1119","jsx_text","Detalle",""
"src_screens_GMScreen_jsx.1127.conditional.824","src/screens/GMScreen.jsx","1127","conditional","Colocando detalle...",""
"src_screens_GMScreen_jsx.1129.template.825","src/screens/GMScreen.jsx","1129","template","Detalle (${...}, ${...})",""
"src_screens_GMScreen_jsx.1130.conditional.826","src/screens/GMScreen.jsx","1130","conditional","Colocar detalle",""
"src_screens_GMScreen_jsx.1139.jsx_text.827","src/screens/GMScreen.jsx","1139","jsx_text","Auto",""
"src_screens_GMScreen_jsx.1149.jsx_text.828","src/screens/GMScreen.jsx","1149","jsx_text","Anomalia",""
"src_screens_GMScreen_jsx.1153.BinaryExpression.829","src/screens/GMScreen.jsx","1153","BinaryExpression","anomalyP1",""
"src_screens_GMScreen_jsx.1154.BinaryExpression.830","src/screens/GMScreen.jsx","1154","BinaryExpression","anomalyP1",""
"src_screens_GMScreen_jsx.1154.conditional.831","src/screens/GMScreen.jsx","1154","conditional","anomalyP1",""
"src_screens_GMScreen_jsx.1156.BinaryExpression.832","src/screens/GMScreen.jsx","1156","BinaryExpression","anomalyP1",""
"src_screens_GMScreen_jsx.1156.conditional.833","src/screens/GMScreen.jsx","1156","conditional","Capturando P1...",""
"src_screens_GMScreen_jsx.1156.template.834","src/screens/GMScreen.jsx","1156","template","P1 (${...}, ${...})",""
"src_screens_GMScreen_jsx.1156.conditional.835","src/screens/GMScreen.jsx","1156","conditional","Clic P1 — sup. izq.",""
"src_screens_GMScreen_jsx.1165.jsx_text.836","src/screens/GMScreen.jsx","1165","jsx_text","Auto",""
"src_screens_GMScreen_jsx.1170.BinaryExpression.837","src/screens/GMScreen.jsx","1170","BinaryExpression","anomalyP2",""
"src_screens_GMScreen_jsx.1171.BinaryExpression.838","src/screens/GMScreen.jsx","1171","BinaryExpression","anomalyP2",""
"src_screens_GMScreen_jsx.1171.conditional.839","src/screens/GMScreen.jsx","1171","conditional","anomalyP2",""
"src_screens_GMScreen_jsx.1173.BinaryExpression.840","src/screens/GMScreen.jsx","1173","BinaryExpression","anomalyP2",""
"src_screens_GMScreen_jsx.1173.conditional.841","src/screens/GMScreen.jsx","1173","conditional","Capturando P2...",""
"src_screens_GMScreen_jsx.1173.template.842","src/screens/GMScreen.jsx","1173","template","P2 (${...}, ${...})",""
"src_screens_GMScreen_jsx.1173.conditional.843","src/screens/GMScreen.jsx","1173","conditional","Clic P2 — inf. der.",""
"src_screens_GMScreen_jsx.1184.template.844","src/screens/GMScreen.jsx","1184","template","cardX: ${...}, cardY: ${...}",""
"src_screens_GMScreen_jsx.1186.template.845","src/screens/GMScreen.jsx","1186","template","discoveryCardX: ${...}, discoveryCardY: ${...}",""
"src_screens_GMScreen_jsx.1188.template.846","src/screens/GMScreen.jsx","1188","template","anomalyX: ${...}, anomalyY: ${...}, anomalyW: ${...}, anomalyH: ${...}",""
"src_screens_GMScreen_jsx.1189.template.847","src/screens/GMScreen.jsx","1189","template","x: ${...}, y: ${...}, w: ${...}, h: ${...}",""
"src_screens_GMScreen_jsx.1190.template.848","src/screens/GMScreen.jsx","1190","template","· ${...} pts",""
"src_screens_GMScreen_jsx.1198.conditional.849","src/screens/GMScreen.jsx","1198","conditional","Guardado!",""
"src_screens_GMScreen_jsx.1198.conditional.850","src/screens/GMScreen.jsx","1198","conditional","Guardado",""
"src_screens_GMScreen_jsx.1198.conditional.851","src/screens/GMScreen.jsx","1198","conditional","Guardar",""
"src_screens_GMScreen_jsx.1205.jsx_text.852","src/screens/GMScreen.jsx","1205","jsx_text","Resetear",""
"src_screens_GMScreen_jsx.1214.conditional.853","src/screens/GMScreen.jsx","1214","conditional","Copiado!",""
"src_screens_GMScreen_jsx.1214.conditional.854","src/screens/GMScreen.jsx","1214","conditional","Copiar",""
"src_screens_GMScreen_jsx.1233.jsx_text.855","src/screens/GMScreen.jsx","1233","jsx_text","Organigrama tecnico",""
"src_screens_GMScreen_jsx.1235.jsx_text.856","src/screens/GMScreen.jsx","1235","jsx_text","overlays A/B",""
"src_screens_GMScreen_jsx.1238.jsx_text.857","src/screens/GMScreen.jsx","1238","jsx_text","modulo insertado",""
"src_screens_GMScreen_jsx.1253.jsx_attribute.858","src/screens/GMScreen.jsx","1253","jsx_attribute","Partida",""
"src_screens_GMScreen_jsx.1255.conditional.859","src/screens/GMScreen.jsx","1255","conditional","Partida en curso",""
"src_screens_GMScreen_jsx.1255.conditional.860","src/screens/GMScreen.jsx","1255","conditional","Sin comenzar",""
"src_screens_GMScreen_jsx.1257.jsx_text.861","src/screens/GMScreen.jsx","1257","jsx_text","GM:",""
"src_screens_GMScreen_jsx.1258.LogicalExpression.862","src/screens/GMScreen.jsx","1258","LogicalExpression","sin generar",""
"src_screens_GMScreen_jsx.1264.jsx_attribute.863","src/screens/GMScreen.jsx","1264","jsx_attribute","Copiar codigo",""
"src_screens_GMScreen_jsx.1265.jsx_text.864","src/screens/GMScreen.jsx","1265","jsx_text","Copiar",""
"src_screens_GMScreen_jsx.1292.template.865","src/screens/GMScreen.jsx","1292","template","Copiar codigo ${...}",""
"src_screens_GMScreen_jsx.1293.jsx_text.866","src/screens/GMScreen.jsx","1293","jsx_text","Copiar",""
"src_screens_GMScreen_jsx.1304.jsx_text.867","src/screens/GMScreen.jsx","1304","jsx_text","Abrir lobby",""
"src_screens_GMScreen_jsx.1309.jsx_text.868","src/screens/GMScreen.jsx","1309","jsx_text","Iniciar partida",""
"src_screens_GMScreen_jsx.1312.jsx_text.869","src/screens/GMScreen.jsx","1312","jsx_text","Resetear",""
"src_screens_GMScreen_jsx.1314.jsx_text.870","src/screens/GMScreen.jsx","1314","jsx_text","Inicio manual GM: disponible con",""
"src_screens_GMScreen_jsx.1315.jsx_text.871","src/screens/GMScreen.jsx","1315","jsx_text","jugador(es) preparado(s).",""
"src_screens_GMScreen_jsx.1320.jsx_attribute.872","src/screens/GMScreen.jsx","1320","jsx_attribute","Variantes",""
"src_screens_GMScreen_jsx.1338.template.873","src/screens/GMScreen.jsx","1338","template","gm-variant-btn ${...}",""
"src_screens_GMScreen_jsx.1341.template.874","src/screens/GMScreen.jsx","1341","template","Variante ${...}",""
"src_screens_GMScreen_jsx.1355.jsx_attribute.875","src/screens/GMScreen.jsx","1355","jsx_attribute","Cola de chips",""
"src_screens_GMScreen_jsx.1358.jsx_text.876","src/screens/GMScreen.jsx","1358","jsx_text","Proximo pulso",""
"src_screens_GMScreen_jsx.1359.conditional.877","src/screens/GMScreen.jsx","1359","conditional","En ejecucion",""
"src_screens_GMScreen_jsx.1362.jsx_text.878","src/screens/GMScreen.jsx","1362","jsx_text","Ventana auto",""
"src_screens_GMScreen_jsx.1368.jsx_text.879","src/screens/GMScreen.jsx","1368","jsx_text","Origen",""
"src_screens_GMScreen_jsx.1375.jsx_attribute.880","src/screens/GMScreen.jsx","1375","jsx_attribute","No hay chips esperando pulso.",""
"src_screens_GMScreen_jsx.1376.jsx_attribute.881","src/screens/GMScreen.jsx","1376","jsx_attribute","Cola de chips del pulso",""
"src_screens_GMScreen_jsx.1384.conditional.882","src/screens/GMScreen.jsx","1384","conditional","Pulso en curso",""
"src_screens_GMScreen_jsx.1384.conditional.883","src/screens/GMScreen.jsx","1384","conditional","Lanzar pulso ahora",""
"src_screens_GMScreen_jsx.1393.jsx_text.884","src/screens/GMScreen.jsx","1393","jsx_text","Programar auto",""
"src_screens_GMScreen_jsx.1397.conditional.885","src/screens/GMScreen.jsx","1397","conditional","Cancelar",""
"src_screens_GMScreen_jsx.1397.conditional.886","src/screens/GMScreen.jsx","1397","conditional","+ Chip",""
"src_screens_GMScreen_jsx.1404.jsx_text.887","src/screens/GMScreen.jsx","1404","jsx_text","Forzar reset",""
"src_screens_GMScreen_jsx.1413.jsx_text.888","src/screens/GMScreen.jsx","1413","jsx_text","Tipo",""
"src_screens_GMScreen_jsx.1415.jsx_text.889","src/screens/GMScreen.jsx","1415","jsx_text","Inspeccion",""
"src_screens_GMScreen_jsx.1416.jsx_text.890","src/screens/GMScreen.jsx","1416","jsx_text","Interaccion",""
"src_screens_GMScreen_jsx.1420.jsx_text.891","src/screens/GMScreen.jsx","1420","jsx_text","Rol",""
"src_screens_GMScreen_jsx.1428.jsx_text.892","src/screens/GMScreen.jsx","1428","jsx_text","Objetivo",""
"src_screens_GMScreen_jsx.1430.jsx_text.893","src/screens/GMScreen.jsx","1430","jsx_text","— primero disponible —",""
"src_screens_GMScreen_jsx.1437.jsx_text.894","src/screens/GMScreen.jsx","1437","jsx_text","Carga",""
"src_screens_GMScreen_jsx.1448.jsx_text.895","src/screens/GMScreen.jsx","1448","jsx_text","Añadir chip",""
"src_screens_GMScreen_jsx.1454.jsx_attribute.896","src/screens/GMScreen.jsx","1454","jsx_attribute","Historial",""
"src_screens_GMScreen_jsx.1457.jsx_text.897","src/screens/GMScreen.jsx","1457","jsx_text","Sin historial todavia.",""
"src_screens_PlayerScreen_jsx.35.PLAYER_TOOLTIP_STORAGE_PREFIX.898","src/screens/PlayerScreen.jsx","35","PLAYER_TOOLTIP_STORAGE_PREFIX","elExamen2.playerTooltips",""
"src_screens_PlayerScreen_jsx.36.PLAYER_TOOLTIP_HISTORY_PREFIX.899","src/screens/PlayerScreen.jsx","36","PLAYER_TOOLTIP_HISTORY_PREFIX","elExamen2.playerTooltipHistory",""
"src_screens_PlayerScreen_jsx.40.ArrayExpression.900","src/screens/PlayerScreen.jsx","40","ArrayExpression","Vale, okeey",""
"src_screens_PlayerScreen_jsx.41.ArrayExpression.901","src/screens/PlayerScreen.jsx","41","ArrayExpression","Lo tengo fichado",""
"src_screens_PlayerScreen_jsx.42.ArrayExpression.902","src/screens/PlayerScreen.jsx","42","ArrayExpression","Otra vez? VALE.",""
"src_screens_PlayerScreen_jsx.43.ArrayExpression.903","src/screens/PlayerScreen.jsx","43","ArrayExpression","Si, si, lo apunto",""
"src_screens_PlayerScreen_jsx.44.ArrayExpression.904","src/screens/PlayerScreen.jsx","44","ArrayExpression","Ok, cerebro en marcha",""
"src_screens_PlayerScreen_jsx.45.ArrayExpression.905","src/screens/PlayerScreen.jsx","45","ArrayExpression","Recibido, no prometo nada",""
"src_screens_PlayerScreen_jsx.46.ArrayExpression.906","src/screens/PlayerScreen.jsx","46","ArrayExpression","Vale, siguiente misterio",""
"src_screens_PlayerScreen_jsx.124.call_argument.907","src/screens/PlayerScreen.jsx","124","call_argument","gameState",""
"src_screens_PlayerScreen_jsx.125.call_argument.908","src/screens/PlayerScreen.jsx","125","call_argument","pulseState",""
"src_screens_PlayerScreen_jsx.126.call_argument.909","src/screens/PlayerScreen.jsx","126","call_argument","targetFeedback",""
"src_screens_PlayerScreen_jsx.127.call_argument.910","src/screens/PlayerScreen.jsx","127","call_argument","queuedActions",""
"src_screens_PlayerScreen_jsx.128.call_argument.911","src/screens/PlayerScreen.jsx","128","call_argument","actionLog",""
"src_screens_PlayerScreen_jsx.129.call_argument.912","src/screens/PlayerScreen.jsx","129","call_argument","chatMessages",""
"src_screens_PlayerScreen_jsx.130.call_argument.913","src/screens/PlayerScreen.jsx","130","call_argument","lastRoleActions",""
"src_screens_PlayerScreen_jsx.131.call_argument.914","src/screens/PlayerScreen.jsx","131","call_argument","itemSeenState",""
"src_screens_PlayerScreen_jsx.132.template.915","src/screens/PlayerScreen.jsx","132","template","playerInventories/${...}",""
"src_screens_PlayerScreen_jsx.133.template.916","src/screens/PlayerScreen.jsx","133","template","playerBoards/${...}",""
"src_screens_PlayerScreen_jsx.134.call_argument.917","src/screens/PlayerScreen.jsx","134","call_argument","hotspotOverrides",""
"src_screens_PlayerScreen_jsx.135.call_argument.918","src/screens/PlayerScreen.jsx","135","call_argument","fusionSession",""
"src_screens_PlayerScreen_jsx.518.template.919","src/screens/PlayerScreen.jsx","518","template","hotspot.${...}: ${...} → ${...}",""
"src_screens_PlayerScreen_jsx.525.template.920","src/screens/PlayerScreen.jsx","525","template","flag.${...}: ${...} → ${...}",""
"src_screens_PlayerScreen_jsx.532.template.921","src/screens/PlayerScreen.jsx","532","template","discovery.${...}: ${...}",""
"src_screens_PlayerScreen_jsx.537.template.922","src/screens/PlayerScreen.jsx","537","template","failedAttempts: ${...} → ${...}",""
"src_screens_PlayerScreen_jsx.542.template.923","src/screens/PlayerScreen.jsx","542","template","acción: ${...}",""
"src_screens_PlayerScreen_jsx.757.template.924","src/screens/PlayerScreen.jsx","757","template","cmd: ${...} -> ${...}${...}",""
"src_screens_PlayerScreen_jsx.773.ArrayExpression.925","src/screens/PlayerScreen.jsx","773","ArrayExpression","Comando ejecutado.",""
"src_screens_PlayerScreen_jsx.792.template.926","src/screens/PlayerScreen.jsx","792","template","gameState/sharedResonance/discoveries/${...}",""
"src_screens_PlayerScreen_jsx.824.template.927","src/screens/PlayerScreen.jsx","824","template","resonancia +${...}: balones explorados",""
"src_screens_PlayerScreen_jsx.844.call_argument.928","src/screens/PlayerScreen.jsx","844","call_argument","gameState/sharedResonance",""
"src_screens_PlayerScreen_jsx.851.call_argument.929","src/screens/PlayerScreen.jsx","851","call_argument","resonancia +1: recogida ambiental",""
"src_screens_PlayerScreen_jsx.949.conditional.930","src/screens/PlayerScreen.jsx","949","conditional","No se pudo conectar con Firebase. Reintentando...",""
"src_screens_PlayerScreen_jsx.950.conditional.931","src/screens/PlayerScreen.jsx","950","conditional","Conectando con la partida...",""
"src_screens_PlayerScreen_jsx.960.template.932","src/screens/PlayerScreen.jsx","960","template","player-scene-preview player-scene-live ${...} ${...}",""
"src_screens_PlayerScreen_jsx.965.template.933","src/screens/PlayerScreen.jsx","965","template","player-resonance-counter ${...}",""
"src_screens_PlayerScreen_jsx.965.jsx_attribute.934","src/screens/PlayerScreen.jsx","965","jsx_attribute","Resonancia acumulada",""
"src_screens_PlayerScreen_jsx.966.jsx_text.935","src/screens/PlayerScreen.jsx","966","jsx_text","Resonancia",""
"src_screens_PlayerScreen_jsx.1010.jsx_attribute.936","src/screens/PlayerScreen.jsx","1010","jsx_attribute","Herramientas de escena",""
"src_screens_PlayerScreen_jsx.1017.template.937","src/screens/PlayerScreen.jsx","1017","template","player-utility-btn player-utility-btn--history${...}",""
"src_screens_PlayerScreen_jsx.1020.jsx_attribute.938","src/screens/PlayerScreen.jsx","1020","jsx_attribute","Abrir historial",""
"src_screens_PlayerScreen_jsx.1023.template.939","src/screens/PlayerScreen.jsx","1023","template","${...} mensajes nuevos",""
"src_screens_PlayerScreen_jsx.1035.conditional.940","src/screens/PlayerScreen.jsx","1035","conditional","Cerrar",""
"src_screens_PlayerScreen_jsx.1041.jsx_attribute.941","src/screens/PlayerScreen.jsx","1041","jsx_attribute","Registro de guias",""
"src_screens_PlayerScreen_jsx.1044.jsx_attribute.942","src/screens/PlayerScreen.jsx","1044","jsx_attribute","Cerrar guias",""
"src_screens_PlayerScreen_jsx.1044.jsx_text.943","src/screens/PlayerScreen.jsx","1044","jsx_text","Cerrar",""
"src_screens_PlayerScreen_jsx.1048.jsx_text.944","src/screens/PlayerScreen.jsx","1048","jsx_text","Sin guias todavia.",""
"src_screens_PlayerScreen_jsx.1054.template.945","src/screens/PlayerScreen.jsx","1054","template","player-tooltip-entry${...}",""
"src_screens_PlayerScreen_jsx.1082.template.946","src/screens/PlayerScreen.jsx","1082","template","player-history-overlay ${...}",""
"src_screens_PlayerScreen_jsx.1083.jsx_attribute.947","src/screens/PlayerScreen.jsx","1083","jsx_attribute","Historial de mensajes",""
"src_screens_PlayerScreen_jsx.1086.jsx_attribute.948","src/screens/PlayerScreen.jsx","1086","jsx_attribute","Cerrar historial",""
"src_screens_PlayerScreen_jsx.1086.jsx_text.949","src/screens/PlayerScreen.jsx","1086","jsx_text","Cerrar",""
"src_screens_PlayerScreen_jsx.1090.jsx_text.950","src/screens/PlayerScreen.jsx","1090","jsx_text","Sin mensajes todavia.",""
"src_screens_PlayerScreen_jsx.1115.template.951","src/screens/PlayerScreen.jsx","1115","template","player-spark-particle player-spark-particle--${...}",""
"src_screens_PlayerScreen_jsx.1122.jsx_text.952","src/screens/PlayerScreen.jsx","1122","jsx_text","REALIDADES",""
"src_screens_PlayerScreen_jsx.1122.jsx_text.953","src/screens/PlayerScreen.jsx","1122","jsx_text","FUSIONADAS",""
"src_screens_PlayerScreen_jsx.1123.jsx_text.954","src/screens/PlayerScreen.jsx","1123","jsx_text","Taquillas estabilizadas",""
"src_screens_PlayerScreen_jsx.1132.template.955","src/screens/PlayerScreen.jsx","1132","template","player-fusion-particle player-fusion-particle--${...}",""
"src_screens_PlayerScreen_jsx.1133.template.956","src/screens/PlayerScreen.jsx","1133","template","${...}px",""
"src_screens_PlayerScreen_jsx.1133.template.957","src/screens/PlayerScreen.jsx","1133","template","${...}px",""
"src_screens_PlayerScreen_jsx.1133.template.958","src/screens/PlayerScreen.jsx","1133","template","${...}s",""
"src_screens_PlayerScreen_jsx.1157.template.959","src/screens/PlayerScreen.jsx","1157","template","Viendo ${...}",""
"src_screens_PlayerScreen_jsx.1160.conditional.960","src/screens/PlayerScreen.jsx","1160","conditional","Sin accion registrada.",""
"src_screens_PlayerScreen_jsx.1166.jsx_attribute.961","src/screens/PlayerScreen.jsx","1166","jsx_attribute","Chat",""
"src_screens_PlayerScreen_jsx.1167.jsx_attribute.962","src/screens/PlayerScreen.jsx","1167","jsx_attribute","Mensajes de chat",""
"src_screens_PlayerScreen_jsx.1169.jsx_text.963","src/screens/PlayerScreen.jsx","1169","jsx_text","Sin mensajes todavia.",""
"src_screens_PlayerScreen_jsx.1173.LogicalExpression.964","src/screens/PlayerScreen.jsx","1173","LogicalExpression","Sistema",""
"src_screens_PlayerScreen_jsx.1183.jsx_attribute.965","src/screens/PlayerScreen.jsx","1183","jsx_attribute","Mensaje...",""
"src_screens_PlayerScreen_jsx.1184.jsx_attribute.966","src/screens/PlayerScreen.jsx","1184","jsx_attribute","Mensaje de chat",""
"src_screens_PlayerScreen_jsx.1187.jsx_text.967","src/screens/PlayerScreen.jsx","1187","jsx_text","Enviar",""
"src_screens_PlayerScreen_jsx.1190.jsx_attribute.968","src/screens/PlayerScreen.jsx","1190","jsx_attribute","Terminal movil",""
"src_screens_PlayerScreen_jsx.1195.jsx_attribute.969","src/screens/PlayerScreen.jsx","1195","jsx_attribute","M",""
"src_screens_PlayerScreen_jsx.1206.jsx_text.970","src/screens/PlayerScreen.jsx","1206","jsx_text","Copiar URL",""
"src_screens_PlayerScreen_jsx.1210.jsx_text.971","src/screens/PlayerScreen.jsx","1210","jsx_text","Escanea y escribe el codigo de sesion.",""
"src_screens_PlayerScreen_jsx.1215.template.972","src/screens/PlayerScreen.jsx","1215","template","event-log-panel ${...}",""
"src_screens_PlayerScreen_jsx.1222.jsx_text.973","src/screens/PlayerScreen.jsx","1222","jsx_text","▸ LOG",""
"src_screens_PlayerScreen_jsx.1228.jsx_text.974","src/screens/PlayerScreen.jsx","1228","jsx_text","Registro de eventos",""
"src_screens_PlayerScreen_jsx.1229.jsx_text.975","src/screens/PlayerScreen.jsx","1229","jsx_text","Limpiar",""
"src_screens_PlayerScreen_jsx.1233.jsx_text.976","src/screens/PlayerScreen.jsx","1233","jsx_text","Sin eventos registrados.",""
"src_screens_RoleSelectScreen_jsx.11.call_argument.977","src/screens/RoleSelectScreen.jsx","11","call_argument","Validando sesion...",""
"src_screens_RoleSelectScreen_jsx.57.call_argument.978","src/screens/RoleSelectScreen.jsx","57","call_argument","Elige un personaje y mantén pulsado Continuar para reservarlo.",""
"src_screens_RoleSelectScreen_jsx.60.call_argument.979","src/screens/RoleSelectScreen.jsx","60","call_argument","Sin conexion con el lobby. Reintentando...",""
"src_screens_RoleSelectScreen_jsx.103.call_argument.980","src/screens/RoleSelectScreen.jsx","103","call_argument","No se pudo sincronizar la previsualizacion.",""
"src_screens_RoleSelectScreen_jsx.121.call_argument.981","src/screens/RoleSelectScreen.jsx","121","call_argument","Rol en previsualizacion. Mantén pulsado Continuar para reservarlo.",""
"src_screens_RoleSelectScreen_jsx.131.call_argument.982","src/screens/RoleSelectScreen.jsx","131","call_argument","No se pudo guardar el nombre.",""
"src_screens_RoleSelectScreen_jsx.152.call_argument.983","src/screens/RoleSelectScreen.jsx","152","call_argument","Reservando rol... mantén pulsado para confirmar.",""
"src_screens_RoleSelectScreen_jsx.174.call_argument.984","src/screens/RoleSelectScreen.jsx","174","call_argument","Ese rol acaba de ser reservado. Puedes ver su tarjeta o elegir otro.",""
"src_screens_RoleSelectScreen_jsx.192.call_argument.985","src/screens/RoleSelectScreen.jsx","192","call_argument","No se pudo reservar el rol. Reintenta en un momento.",""
"src_screens_RoleSelectScreen_jsx.206.call_argument.986","src/screens/RoleSelectScreen.jsx","206","call_argument","Seleccion cancelada. Mantén pulsado Continuar para reservar.",""
"src_screens_RoleSelectScreen_jsx.213.call_argument.987","src/screens/RoleSelectScreen.jsx","213","call_argument","Seleccion cancelada. Si el rol quedo ocupado, pulsa Cambiar rol o reintenta.",""
"src_screens_RoleSelectScreen_jsx.226.call_argument.988","src/screens/RoleSelectScreen.jsx","226","call_argument","Rol confirmado. Entrando...",""
"src_screens_RoleSelectScreen_jsx.239.call_argument.989","src/screens/RoleSelectScreen.jsx","239","call_argument","Ese rol acaba de ser reservado. Puedes ver su tarjeta o elegir otro.",""
"src_screens_RoleSelectScreen_jsx.250.call_argument.990","src/screens/RoleSelectScreen.jsx","250","call_argument","No se pudo reservar el rol. Reintenta en un momento.",""
"src_screens_WaitingScreen_jsx.22.call_argument.991","src/screens/WaitingScreen.jsx","22","call_argument","Esperando jugadores...",""
"src_screens_WaitingScreen_jsx.70.call_argument.992","src/screens/WaitingScreen.jsx","70","call_argument","Entrando en la partida...",""
"src_screens_WaitingScreen_jsx.88.call_argument.993","src/screens/WaitingScreen.jsx","88","call_argument","Equipo completo. Preparando entrada...",""
"src_screens_WaitingScreen_jsx.90.call_argument.994","src/screens/WaitingScreen.jsx","90","call_argument","Esperando a que los 4 jugadores esten listos.",""
"src_screens_WaitingScreen_jsx.94.call_argument.995","src/screens/WaitingScreen.jsx","94","call_argument","Sin conexion con el lobby. Reintentando...",""
"src_screens_WaitingScreen_jsx.114.call_argument.996","src/screens/WaitingScreen.jsx","114","call_argument","No se pudo guardar el nombre.",""
"src_screens_WaitingScreen_jsx.120.call_argument.997","src/screens/WaitingScreen.jsx","120","call_argument","Liberando rol...",""
"src_screens_WaitingScreen_jsx.126.call_argument.998","src/screens/WaitingScreen.jsx","126","call_argument","No se pudo cambiar de rol.",""
"src_services_clientIdentity_js.3.CLIENT_ID_STORAGE_KEY.999","src/services/clientIdentity.js","3","CLIENT_ID_STORAGE_KEY","elExamen2.clientId",""
"src_services_clientIdentity_js.10.template.1000","src/services/clientIdentity.js","10","template","client-${...}-${...}",""
"src_services_clientIdentity_js.18.template.1001","src/services/clientIdentity.js","18","template","player-${...}",""
"src_services_firebaseClient_js.48.call_argument.1002","src/services/firebaseClient.js","48","call_argument","Firebase anonymous auth failed; falling back to public REST access.",""
"src_services_firebaseClient_js.69.template.1003","src/services/firebaseClient.js","69","template","Firebase GET failed: ${...}",""
"src_services_firebaseClient_js.79.Content-Type.1004","src/services/firebaseClient.js","79","Content-Type","application/json",""
"src_services_firebaseClient_js.84.template.1005","src/services/firebaseClient.js","84","template","Firebase PUT failed: ${...}",""
"src_services_firebaseClient_js.98.template.1006","src/services/firebaseClient.js","98","template","Firebase GET ETag failed: ${...}",""
"src_services_firebaseClient_js.103.call_argument.1007","src/services/firebaseClient.js","103","call_argument","ETag",""
"src_services_firebaseClient_js.112.Content-Type.1008","src/services/firebaseClient.js","112","Content-Type","application/json",""
"src_services_firebaseClient_js.123.template.1009","src/services/firebaseClient.js","123","template","Firebase conditional PUT failed: ${...}",""
"src_services_firebaseClient_js.133.Content-Type.1010","src/services/firebaseClient.js","133","Content-Type","application/json",""
"src_services_firebaseClient_js.138.template.1011","src/services/firebaseClient.js","138","template","Firebase PATCH failed: ${...}",""
"src_services_gameRules_js.70.template.1012","src/services/gameRules.js","70","template","${...} usa ${...} sobre ${...}. Sin efecto de puzzle definido.",""
"src_services_gameRules_js.71.feedback.1013","src/services/gameRules.js","71","feedback","Acción registrada. Sin efecto de puzzle.",""
"src_services_gmService_js.22.template.1014","src/services/gmService.js","22","template","jugador${...}",""
"src_services_gmService_js.31.template.1015","src/services/gmService.js","31","template","GM abre el lobby. Codigo GM: ${...}. ${...}",""
"src_services_gmService_js.50.call_argument.1016","src/services/gmService.js","50","call_argument","actionLog",""
"src_services_gmService_js.62.NewExpression.1017","src/services/gmService.js","62","NewExpression","Necesitas al menos 1 jugador preparado para iniciar.",""
"src_services_gmService_js.67.template.1018","src/services/gmService.js","67","template","GM inicia partida con ${...} jugador(es) preparado(s). ${...}",""
"src_services_gmService_js.82.call_argument.1019","src/services/gmService.js","82","call_argument","actionLog",""
"src_services_gmService_js.92.template.1020","src/services/gmService.js","92","template","GM resetea la partida. Volvemos a seleccion de rol. ${...}",""
"src_services_gmService_js.93.ArrayExpression.1021","src/services/gmService.js","93","ArrayExpression","Sistema listo. Selecciona carta y target para encolar una accion.",""
"src_services_lobbyService_js.8.PLAYER_NAME_STORAGE_KEY.1022","src/services/lobbyService.js","8","PLAYER_NAME_STORAGE_KEY","elExamen2.playerName",""
"src_services_lobbyService_js.77.template.1023","src/services/lobbyService.js","77","template","Jugador${...}",""
"src_services_lobbyService_js.123.template.1024","src/services/lobbyService.js","123","template","lobby/players/${...}",""
"src_services_lobbyService_js.125.template.1025","src/services/lobbyService.js","125","template","lobby/players/${...}",""
"src_services_lobbyService_js.147.template.1026","src/services/lobbyService.js","147","template","lobby/players/${...}",""
"src_services_lobbyService_js.153.template.1027","src/services/lobbyService.js","153","template","lobby/roleClaims/${...}",""
"src_services_lobbyService_js.163.template.1028","src/services/lobbyService.js","163","template","lobby/players/${...}",""
"src_services_lobbyService_js.191.template.1029","src/services/lobbyService.js","191","template","lobby/roleClaims/${...}",""
"src_services_lobbyService_js.195.template.1030","src/services/lobbyService.js","195","template","lobby/players/${...}",""
"src_services_lobbyService_js.226.template.1031","src/services/lobbyService.js","226","template","lobby/roleClaims/${...}",""
"src_services_lobbyService_js.230.template.1032","src/services/lobbyService.js","230","template","lobby/roleClaims/${...}",""
"src_services_lobbyService_js.236.template.1033","src/services/lobbyService.js","236","template","lobby/roleClaims/${...}",""
"src_services_lobbyService_js.248.template.1034","src/services/lobbyService.js","248","template","lobby/roleClaims/${...}",""
"src_services_lobbyService_js.255.template.1035","src/services/lobbyService.js","255","template","lobby/players/${...}",""
"src_services_lobbyService_js.278.call_argument.1036","src/services/lobbyService.js","278","call_argument","lobby/countdownStartedAt",""
"src_services_lobbyService_js.284.call_argument.1037","src/services/lobbyService.js","284","call_argument","lobby/countdownStartedAt",""
"src_services_playerService_js.14.template.1038","src/services/playerService.js","14","template","Jugador ${...}",""
"src_services_playerService_js.64.call_argument.1039","src/services/playerService.js","64","call_argument","esperando pulso",""
"src_services_playerService_js.66.template.1040","src/services/playerService.js","66","template","queuedActions/${...}",""
"src_services_playerService_js.67.template.1041","src/services/playerService.js","67","template","lastRoleActions/${...}",""
"src_services_playerService_js.90.template.1042","src/services/playerService.js","90","template","chatMessages/${...}",""
"src_services_playerService_js.119.template.1043","src/services/playerService.js","119","template","itemSeenState/${...}/seen",""
"src_services_playerService_js.125.template.1044","src/services/playerService.js","125","template","playerInventories/${...}/slots/${...}",""
"src_services_playerService_js.126.template.1045","src/services/playerService.js","126","template","itemSeenState/${...}/seen",""
"src_services_playerService_js.127.template.1046","src/services/playerService.js","127","template","itemSeenState/${...}/pickedUp",""
"src_services_playerService_js.133.template.1047","src/services/playerService.js","133","template","playerInventories/${...}/slots/${...}",""
"src_services_playerService_js.139.template.1048","src/services/playerService.js","139","template","pendingItemUsage/${...}",""
"src_services_playerService_js.145.template.1049","src/services/playerService.js","145","template","cardUsage/${...}/${...}",""
"src_services_playerService_js.151.template.1050","src/services/playerService.js","151","template","pendingItemUsage/${...}",""
"src_services_playerService_js.170.template.1051","src/services/playerService.js","170","template","playerViews/${...}",""
"src_services_pulseService_js.61.LogicalExpression.1052","src/services/pulseService.js","61","LogicalExpression","Accion resuelta.",""
"src_services_pulseService_js.76.LogicalExpression.1053","src/services/pulseService.js","76","LogicalExpression","Jugador",""
"src_services_pulseService_js.79.LogicalExpression.1054","src/services/pulseService.js","79","LogicalExpression","Accion resuelta.",""
"src_services_pulseService_js.96.call_argument.1055","src/services/pulseService.js","96","call_argument","pulseState",""
"src_services_pulseService_js.103.call_argument.1056","src/services/pulseService.js","103","call_argument","pulseState",""
"src_services_pulseService_js.108.call_argument.1057","src/services/pulseService.js","108","call_argument","queuedActions",""
"src_services_pulseService_js.128.call_argument.1058","src/services/pulseService.js","128","call_argument","pulseState",""
"src_services_pulseService_js.143.call_argument.1059","src/services/pulseService.js","143","call_argument","pulseState",""
"src_services_pulseService_js.144.OptionalCallExpression.1060","src/services/pulseService.js","144","OptionalCallExpression","Proximo pulso automatico programado.",""
"src_services_pulseService_js.149.call_argument.1061","src/services/pulseService.js","149","call_argument","pulseState",""
"src_services_pulseService_js.206.NewExpression.1062","src/services/pulseService.js","206","NewExpression","Otro GM o pulso remoto ya controla la cola.",""
"src_services_pulseService_js.209.template.1063","src/services/pulseService.js","209","template","Pulso iniciado: ${...} acciones.",""
"src_services_pulseService_js.209.conditional.1064","src/services/pulseService.js","209","conditional","Pulso iniciado sin acciones.",""
"src_services_pulseService_js.215.OptionalCallExpression.1065","src/services/pulseService.js","215","OptionalCallExpression","Pulso sin acciones resuelto. Siguiente pulso programado.",""
"src_services_pulseService_js.219.call_argument.1066","src/services/pulseService.js","219","call_argument","actionLog",""
"src_services_pulseService_js.220.call_argument.1067","src/services/pulseService.js","220","call_argument","pendingItemUsage",""
"src_services_pulseService_js.221.call_argument.1068","src/services/pulseService.js","221","call_argument","gameState",""
"src_services_pulseService_js.222.call_argument.1069","src/services/pulseService.js","222","call_argument","targetFeedback",""
"src_services_pulseService_js.223.call_argument.1070","src/services/pulseService.js","223","call_argument","lastRoleActions",""
"src_services_pulseService_js.224.call_argument.1071","src/services/pulseService.js","224","call_argument","lastRoleDebug",""
"src_services_pulseService_js.224.LogicalExpression.1072","src/services/pulseService.js","224","LogicalExpression","Sin acciones resueltas todavia.",""
"src_services_pulseService_js.225.call_argument.1073","src/services/pulseService.js","225","call_argument","sessionState",""
"src_services_pulseService_js.226.call_argument.1074","src/services/pulseService.js","226","call_argument","playerBoards",""
"src_services_pulseService_js.264.template.1075","src/services/pulseService.js","264","template","queuedActions/${...}",""
"src_services_pulseService_js.269.template.1076","src/services/pulseService.js","269","template","Ejecutando ${...}/${...}: ${...}.",""
"src_services_pulseService_js.292.template.1077","src/services/pulseService.js","292","template","queuedActions/${...}",""
"src_services_pulseService_js.311.template.1078","src/services/pulseService.js","311","template","queuedActions/${...}",""
"src_services_pulseService_js.324.OptionalCallExpression.1079","src/services/pulseService.js","324","OptionalCallExpression","Pulso resuelto. Siguiente pulso programado.",""
"src_services_remoteState_js.160.ArrayExpression.1080","src/services/remoteState.js","160","ArrayExpression","Sistema listo. Esperando inicio de partida.",""
"src_services_remoteState_js.162.author.1081","src/services/remoteState.js","162","author","GM",""
"src_services_remoteState_js.162.text.1082","src/services/remoteState.js","162","text","Sistema listo.",""
"src_services_remoteState_js.164.lastRoleDebug.1083","src/services/remoteState.js","164","lastRoleDebug","Sin acciones resueltas todavia.",""
"src_services_sessionAccess_js.3.SESSION_CODE_STORAGE_KEY.1084","src/services/sessionAccess.js","3","SESSION_CODE_STORAGE_KEY","elExamen2.sessionCode",""
"src_services_sessionAccess_js.4.GM_SESSION_CODE_STORAGE_KEY.1085","src/services/sessionAccess.js","4","GM_SESSION_CODE_STORAGE_KEY","elExamen2.gmSessionCode",""
